DELETE FROM "Core_Entity";
DELETE FROM "Orders_CartItem";
DELETE FROM "Orders_OrderItem";
DELETE FROM "Orders_Order";
DELETE FROM "Catalog_ProductAttributeValue";
DELETE FROM "Catalog_ProductOptionCombination";
DELETE FROM "Catalog_ProductOptionValue";
DELETE FROM "Catalog_ProductAttribute";
DELETE FROM "Catalog_ProductAttributeGroup";
DELETE FROM "Catalog_ProductMedia";
DELETE FROM "Catalog_ProductCategory";
DELETE FROM "Catalog_ProductLink";
DELETE FROM "Catalog_Product";
DELETE FROM "Core_Media";
DELETE FROM "Catalog_Category";
DELETE FROM "Catalog_Brand";
DELETE FROM "Catalog_ProductTemplateProductAttribute";
DELETE FROM "Catalog_ProductTemplate";
DELETE FROM "Cms_Page";
DELETE FROM "Core_WidgetInstance";
DELETE FROM "Reviews_Review";


SET TIMEZONE='UTC';

INSERT INTO "Catalog_Category" ("Id", "Description", "DisplayOrder", "Image", "IsDeleted", "IsPublished", "Name", "ParentId", "SeoTitle") VALUES (1, NULL, 0, NULL, false, true, 'Events', NULL, 'events');
INSERT INTO "Catalog_Category" ("Id", "Description", "DisplayOrder", "Image", "IsDeleted", "IsPublished", "Name", "ParentId", "SeoTitle") VALUES (2, NULL, 0, NULL, false, true, 'Chef Events', 1, 'chef-events');
INSERT INTO "Catalog_Category" ("Id", "Description", "DisplayOrder", "Image", "IsDeleted", "IsPublished", "Name", "ParentId", "SeoTitle") VALUES (3, NULL, 0, NULL, false, true, 'Venu', 2, 'venu-chef-events');
INSERT INTO "Catalog_Category" ("Id", "Description", "DisplayOrder", "Image", "IsDeleted", "IsPublished", "Name", "ParentId", "SeoTitle") VALUES (4, NULL, 0, NULL, false, true, 'Edge', 2, 'edge-chef-events');
INSERT INTO "Catalog_Category" ("Id", "Description", "DisplayOrder", "Image", "IsDeleted", "IsPublished", "Name", "ParentId", "SeoTitle") VALUES (5, NULL, 0, NULL, false, true, 'Social Events', 1, 'social-events');
INSERT INTO "Catalog_Category" ("Id", "Description", "DisplayOrder", "Image", "IsDeleted", "IsPublished", "Name", "ParentId", "SeoTitle") VALUES (6, NULL, 0, NULL, false, true, 'Venu', 5, 'venu-social-events');
INSERT INTO "Catalog_Category" ("Id", "Description", "DisplayOrder", "Image", "IsDeleted", "IsPublished", "Name", "ParentId", "SeoTitle") VALUES (7, NULL, 0, NULL, false, true, 'Edge', 5, 'edge-social-events');
INSERT INTO "Catalog_Category" ("Id", "Description", "DisplayOrder", "Image", "IsDeleted", "IsPublished", "Name", "ParentId", "SeoTitle") VALUES (8, NULL, 0, NULL, false, true, 'Notices', NULL, 'notices');
INSERT INTO "Catalog_Category" ("Id", "Description", "DisplayOrder", "Image", "IsDeleted", "IsPublished", "Name", "ParentId", "SeoTitle") VALUES (9, NULL, 0, NULL, false, true, 'Breaking News', 8, 'breaking-news');
INSERT INTO "Catalog_Category" ("Id", "Description", "DisplayOrder", "Image", "IsDeleted", "IsPublished", "Name", "ParentId", "SeoTitle") VALUES (10, NULL, 0, NULL, false, true, 'Venu', 9, 'venu-breaking-news');
INSERT INTO "Catalog_Category" ("Id", "Description", "DisplayOrder", "Image", "IsDeleted", "IsPublished", "Name", "ParentId", "SeoTitle") VALUES (11, NULL, 0, NULL, false, true, 'Edge', 9, 'edge-breaking-news');
INSERT INTO "Catalog_Category" ("Id", "Description", "DisplayOrder", "Image", "IsDeleted", "IsPublished", "Name", "ParentId", "SeoTitle") VALUES (12, NULL, 0, NULL, false, true, 'Did You Know?', 8, 'did-you-know');
INSERT INTO "Catalog_Category" ("Id", "Description", "DisplayOrder", "Image", "IsDeleted", "IsPublished", "Name", "ParentId", "SeoTitle") VALUES (13, NULL, 0, NULL, false, true, 'Venu', 12, 'venu-did-you-know');
INSERT INTO "Catalog_Category" ("Id", "Description", "DisplayOrder", "Image", "IsDeleted", "IsPublished", "Name", "ParentId", "SeoTitle") VALUES (14, NULL, 0, NULL, false, true, 'Edge', 12, 'edge-did-you-know');
SELECT pg_catalog.setval('"Catalog_Category_Id_seq"', 14, true);


INSERT INTO "Catalog_Brand" ("Id", "Description", "IsDeleted", "IsPublished", "Name", "SeoTitle") VALUES (1, NULL, false, true, 'Venu', 'venu');
INSERT INTO "Catalog_Brand" ("Id", "Description", "IsDeleted", "IsPublished", "Name", "SeoTitle") VALUES (2, NULL, false, true, 'Edge', 'edge');
SELECT pg_catalog.setval('"Catalog_Brand_Id_seq"', 2, true);


INSERT INTO "Catalog_ProductAttributeGroup" ("Id", "Name") VALUES (1, 'Events');
INSERT INTO "Catalog_ProductAttributeGroup" ("Id", "Name") VALUES (2, 'Notices');
SELECT pg_catalog.setval('"Catalog_ProductAttributeGroup_Id_seq"', 2, true);


INSERT INTO "Catalog_ProductAttribute" ("Id", "GroupId", "Name") VALUES (1, 1, 'Location');
INSERT INTO "Catalog_ProductAttribute" ("Id", "GroupId", "Name") VALUES (2, 1, 'Event Type');
INSERT INTO "Catalog_ProductAttribute" ("Id", "GroupId", "Name") VALUES (3, 2, 'Notice Type');
INSERT INTO "Catalog_ProductAttribute" ("Id", "GroupId", "Name") VALUES (4, 1, 'Meal Type');
SELECT pg_catalog.setval('"Catalog_ProductAttribute_Id_seq"', 4, true);

INSERT INTO "Catalog_ProductTemplate" ("Id", "Name") VALUES (1, 'Events');
INSERT INTO "Catalog_ProductTemplate" ("Id", "Name") VALUES (2, 'Notices');
SELECT pg_catalog.setval('"Catalog_ProductTemplate_Id_seq"', 2, true);

INSERT INTO "Catalog_ProductTemplateProductAttribute" ("ProductTemplateId", "ProductAttributeId") VALUES (1, 1);
INSERT INTO "Catalog_ProductTemplateProductAttribute" ("ProductTemplateId", "ProductAttributeId") VALUES (1, 2);
INSERT INTO "Catalog_ProductTemplateProductAttribute" ("ProductTemplateId", "ProductAttributeId") VALUES (1, 4);
INSERT INTO "Catalog_ProductTemplateProductAttribute" ("ProductTemplateId", "ProductAttributeId") VALUES (2, 3);


INSERT INTO "Core_Media" ("Id", "Caption", "FileName", "FileSize", "MediaType") VALUES (1, NULL, 'braised-lamb-shanks.jpg', 0, 0);
INSERT INTO "Core_Media" ("Id", "Caption", "FileName", "FileSize", "MediaType") VALUES (2, NULL, 'chill-stuffed-pork-chop.jpg', 0, 0);
INSERT INTO "Core_Media" ("Id", "Caption", "FileName", "FileSize", "MediaType") VALUES (3, NULL, 'garlic-tomato-soup.jpg', 0, 0);
INSERT INTO "Core_Media" ("Id", "Caption", "FileName", "FileSize", "MediaType") VALUES (4, NULL, 'lasagna.jpg', 0, 0);
INSERT INTO "Core_Media" ("Id", "Caption", "FileName", "FileSize", "MediaType") VALUES (5, NULL, 'wine-and-cheese-party.jpg', 0, 0);
INSERT INTO "Core_Media" ("Id", "Caption", "FileName", "FileSize", "MediaType") VALUES (6, NULL, 'karaoke.jpg', 0, 0);
INSERT INTO "Core_Media" ("Id", "Caption", "FileName", "FileSize", "MediaType") VALUES (7, NULL, 'easter-egg-hunt.jpg', 0, 0);
INSERT INTO "Core_Media" ("Id", "Caption", "FileName", "FileSize", "MediaType") VALUES (8, NULL, 'movie-night.jpg', 0, 0);
INSERT INTO "Core_Media" ("Id", "Caption", "FileName", "FileSize", "MediaType") VALUES (9, NULL, 'breaking-news.jpg', 0, 0);
INSERT INTO "Core_Media" ("Id", "Caption", "FileName", "FileSize", "MediaType") VALUES (10, NULL, 'did-you-know.jpg', 0, 0);
INSERT INTO "Core_Media" ("Id", "Caption", "FileName", "FileSize", "MediaType") VALUES (11, NULL, 'cafe-francaise.jpg', 0, 0);
INSERT INTO "Core_Media" ("Id", "Caption", "FileName", "FileSize", "MediaType") VALUES (12, NULL, 'soup-bar.jpg', 0, 0);
INSERT INTO "Core_Media" ("Id", "Caption", "FileName", "FileSize", "MediaType") VALUES (13, NULL, 'potluck-and-movie.jpg', 0, 0);
INSERT INTO "Core_Media" ("Id", "Caption", "FileName", "FileSize", "MediaType") VALUES (14, NULL, 'super-bowl-party.jpg', 0, 0);
INSERT INTO "Core_Media" ("Id", "Caption", "FileName", "FileSize", "MediaType") VALUES (15, NULL, 'meatball-subs.jpg', 0, 0);
INSERT INTO "Core_Media" ("Id", "Caption", "FileName", "FileSize", "MediaType") VALUES (16, NULL, 'mahi-mahi.jpg', 0, 0);
INSERT INTO "Core_Media" ("Id", "Caption", "FileName", "FileSize", "MediaType") VALUES (17, NULL, 'ribs.jpg', 0, 0);
INSERT INTO "Core_Media" ("Id", "Caption", "FileName", "FileSize", "MediaType") VALUES (18, NULL, 'bingo.jpg', 0, 0);
INSERT INTO "Core_Media" ("Id", "Caption", "FileName", "FileSize", "MediaType") VALUES (19, NULL, 'kids-valentines-and-bingo.jpg', 0, 0);
INSERT INTO "Core_Media" ("Id", "Caption", "FileName", "FileSize", "MediaType") VALUES (20, NULL, 'romantic-movie-marathon.jpg', 0, 0);
INSERT INTO "Core_Media" ("Id", "Caption", "FileName", "FileSize", "MediaType") VALUES (21, NULL, 'valentines-cupcakes.jpg', 0, 0);
INSERT INTO "Core_Media" ("Id", "Caption", "FileName", "FileSize", "MediaType") VALUES (22, NULL, 'valentines-filet-mignon.jpg', 0, 0);
INSERT INTO "Core_Media" ("Id", "Caption", "FileName", "FileSize", "MediaType") VALUES (23, NULL, 'reubens-and-split-pea-soup.jpg', 0, 0);
INSERT INTO "Core_Media" ("Id", "Caption", "FileName", "FileSize", "MediaType") VALUES (24, NULL, 'chicken-fried-steak.jpg', 0, 0);
INSERT INTO "Core_Media" ("Id", "Caption", "FileName", "FileSize", "MediaType") VALUES (25, NULL, 'shrimp-scampi.jpg', 0, 0);
INSERT INTO "Core_Media" ("Id", "Caption", "FileName", "FileSize", "MediaType") VALUES (26, NULL, 'board-meeting.jpg', 0, 0);
INSERT INTO "Core_Media" ("Id", "Caption", "FileName", "FileSize", "MediaType") VALUES (27, NULL, 'pot-roast.jpg', 0, 0);
INSERT INTO "Core_Media" ("Id", "Caption", "FileName", "FileSize", "MediaType") VALUES (28, NULL, 'paint-and-pour.jpg', 0, 0);
INSERT INTO "Core_Media" ("Id", "Caption", "FileName", "FileSize", "MediaType") VALUES (29, NULL, 'eye-opener-breakfast.jpg', 0, 0);
INSERT INTO "Core_Media" ("Id", "Caption", "FileName", "FileSize", "MediaType") VALUES (30, NULL, 'oscar-party.jpg', 0, 0);
INSERT INTO "Core_Media" ("Id", "Caption", "FileName", "FileSize", "MediaType") VALUES (31, NULL, 'pork-tenderloin.jpg', 0, 0);
INSERT INTO "Core_Media" ("Id", "Caption", "FileName", "FileSize", "MediaType") VALUES (32, NULL, 'chicken-schnitzel.jpg', 0, 0);
SELECT pg_catalog.setval('"Core_Media_Id_seq"', 32, true);


INSERT INTO "Catalog_Product" ("Id", "BrandId", "CreatedById", "CreatedOn", "Description", "DisplayOrder", "HasOptions", "IsAllowToOrder", "IsCallForPricing", "IsDeleted", "IsFeatured", "IsPublished", "IsVisibleIndividually", "MetaDescription", "MetaKeywords", "MetaTitle", "Name", "NormalizedName", "OldPrice", "Price", "PublishedOn", "RatingAverage", "ReviewsCount", "SeoTitle", "ShortDescription", "Sku", "SpecialPrice", "SpecialPriceEnd", "SpecialPriceStart", "Specification", "StockQuantity", "ThumbnailImageId", "UpdatedById", "UpdatedOn") VALUES (1, 1, NULL, '2017-02-07 00:00:00', '<p>Braised lamb shanks served with mashed potatoes, with pan jus and gremolata, spinach salad with roasted apple and creamy gorgonzola dressing and chocolate eclairs<br></p>', 0, false, true, false, false, true, true, true, NULL, NULL, NULL, 'Braised Lamb Shanks', NULL, 20, 20, NULL, 2, 0, 'braised-lamb-shanks', '<p>braised lamb shanks<br></p>', NULL, NULL, NULL, NULL, NULL, NULL, 1, NULL, '2017-01-12 18:30:00');
INSERT INTO "Catalog_Product" ("Id", "BrandId", "CreatedById", "CreatedOn", "Description", "DisplayOrder", "HasOptions", "IsAllowToOrder", "IsCallForPricing", "IsDeleted", "IsFeatured", "IsPublished", "IsVisibleIndividually", "MetaDescription", "MetaKeywords", "MetaTitle", "Name", "NormalizedName", "OldPrice", "Price", "PublishedOn", "RatingAverage", "ReviewsCount", "SeoTitle", "ShortDescription", "Sku", "SpecialPrice", "SpecialPriceEnd", "SpecialPriceStart", "Specification", "StockQuantity", "ThumbnailImageId", "UpdatedById", "UpdatedOn") VALUES (2, 2, NULL, '2017-02-07 00:00:00', '<p>Green Chile stuffed pork chops with chipotle spiked sweet potato mash, cilanatro lime slaw and tres leches cake<br></p>', 0, false, true, false, false, true, true, true, NULL, NULL, NULL, 'Stuffed Pork Chops', NULL, 12, 12, NULL, 2, 0, 'stuffed-pork-chops', '<p>stuffed pork chops<br></p>', NULL, NULL, NULL, NULL, NULL, NULL, 2, NULL, '2017-01-19 18:30:00');
INSERT INTO "Catalog_Product" ("Id", "BrandId", "CreatedById", "CreatedOn", "Description", "DisplayOrder", "HasOptions", "IsAllowToOrder", "IsCallForPricing", "IsDeleted", "IsFeatured", "IsPublished", "IsVisibleIndividually", "MetaDescription", "MetaKeywords", "MetaTitle", "Name", "NormalizedName", "OldPrice", "Price", "PublishedOn", "RatingAverage", "ReviewsCount", "SeoTitle", "ShortDescription", "Sku", "SpecialPrice", "SpecialPriceEnd", "SpecialPriceStart", "Specification", "StockQuantity", "ThumbnailImageId", "UpdatedById", "UpdatedOn") VALUES (3, 1, NULL, '2017-02-07 00:00:00', '<p>Roasted garlic and tomato soup served with prosciutto and smoked mozzarella panninis<br></p>', 0, false, true, false, false, true, true, true, NULL, NULL, NULL, 'Garlic Tomato Soup', NULL, 10, 10, NULL, 2, 0, 'garlic-tomato-soup', '<p>garlic tomato soup<br></p>', NULL, NULL, NULL, NULL, NULL, NULL, 3, NULL, '2017-01-19 18:30:00');
INSERT INTO "Catalog_Product" ("Id", "BrandId", "CreatedById", "CreatedOn", "Description", "DisplayOrder", "HasOptions", "IsAllowToOrder", "IsCallForPricing", "IsDeleted", "IsFeatured", "IsPublished", "IsVisibleIndividually", "MetaDescription", "MetaKeywords", "MetaTitle", "Name", "NormalizedName", "OldPrice", "Price", "PublishedOn", "RatingAverage", "ReviewsCount", "SeoTitle", "ShortDescription", "Sku", "SpecialPrice", "SpecialPriceEnd", "SpecialPriceStart", "Specification", "StockQuantity", "ThumbnailImageId", "UpdatedById", "UpdatedOn") VALUES (4, 2, NULL, '2017-02-07 00:00:00', '<p>Lasagna, house salad and homemade biscotti and ice cream<br></p>', 0, false, true, false, false, true, true, true, NULL, NULL, NULL, 'Lasagna', NULL, 14, 14, NULL, 2, 0, 'lasagna', '<p>lasagna<br></p>', NULL, NULL, NULL, NULL, NULL, NULL, 4, NULL, '2017-01-19 18:30:00');
INSERT INTO "Catalog_Product" ("Id", "BrandId", "CreatedById", "CreatedOn", "Description", "DisplayOrder", "HasOptions", "IsAllowToOrder", "IsCallForPricing", "IsDeleted", "IsFeatured", "IsPublished", "IsVisibleIndividually", "MetaDescription", "MetaKeywords", "MetaTitle", "Name", "NormalizedName", "OldPrice", "Price", "PublishedOn", "RatingAverage", "ReviewsCount", "SeoTitle", "ShortDescription", "Sku", "SpecialPrice", "SpecialPriceEnd", "SpecialPriceStart", "Specification", "StockQuantity", "ThumbnailImageId", "UpdatedById", "UpdatedOn") VALUES (5, 1, NULL, '2017-02-07 00:00:00', '<p>Green Enjoy several wines and gourmet cheeses hand selected by our concierge staff, and wannabe sommeliers. 5:30 - 8:00 in the Great Room.<br></p>', 0, false, true, false, false, true, true, true, NULL, NULL, NULL, 'Wine and Cheese Party', NULL, 10, 10, NULL, 2, 0, 'wine-and-cheese-party', '<p>wine and cheese party<br></p>', NULL, NULL, NULL, NULL, NULL, NULL, 5, NULL, '2017-01-19 18:00:00');
INSERT INTO "Catalog_Product" ("Id", "BrandId", "CreatedById", "CreatedOn", "Description", "DisplayOrder", "HasOptions", "IsAllowToOrder", "IsCallForPricing", "IsDeleted", "IsFeatured", "IsPublished", "IsVisibleIndividually", "MetaDescription", "MetaKeywords", "MetaTitle", "Name", "NormalizedName", "OldPrice", "Price", "PublishedOn", "RatingAverage", "ReviewsCount", "SeoTitle", "ShortDescription", "Sku", "SpecialPrice", "SpecialPriceEnd", "SpecialPriceStart", "Specification", "StockQuantity", "ThumbnailImageId", "UpdatedById", "UpdatedOn") VALUES (6, 1, NULL, '2017-02-07 00:00:00', '<p>Karaoke night in the Venu Great Room! Join our guest host and bring your singing voice. Non-alcoholic beverages provided, and BYOB<br></p>', 0, false, true, false, false, true, true, true, NULL, NULL, NULL, 'Karaoke', NULL, 0, 0, NULL, 2, 0, 'karaoke', '<p>karaoke<br></p>', NULL, NULL, NULL, NULL, NULL, NULL, 6, NULL, '2017-01-19 19:00:00');
INSERT INTO "Catalog_Product" ("Id", "BrandId", "CreatedById", "CreatedOn", "Description", "DisplayOrder", "HasOptions", "IsAllowToOrder", "IsCallForPricing", "IsDeleted", "IsFeatured", "IsPublished", "IsVisibleIndividually", "MetaDescription", "MetaKeywords", "MetaTitle", "Name", "NormalizedName", "OldPrice", "Price", "PublishedOn", "RatingAverage", "ReviewsCount", "SeoTitle", "ShortDescription", "Sku", "SpecialPrice", "SpecialPriceEnd", "SpecialPriceStart", "Specification", "StockQuantity", "ThumbnailImageId", "UpdatedById", "UpdatedOn") VALUES (7, 1, NULL, '2017-02-07 00:00:00', '<p>Family fun! Bring your kids to the Venu Great Room, where we&#39;ll celebrate Easter early, with an egg hunt, egg coloring and other activities. Maybe the Easter Bunny will appear too. 1:00 - 4:00 PM.<br></p>', 0, false, true, false, false, true, true, true, NULL, NULL, NULL, 'Easter Egg Hunt', NULL, 0, 0, NULL, 2, 0, 'easter-egg-hunt', '<p>easter egg hunt<br></p>', NULL, NULL, NULL, NULL, NULL, NULL, 7, NULL, '2017-01-19 13:00:00');
INSERT INTO "Catalog_Product" ("Id", "BrandId", "CreatedById", "CreatedOn", "Description", "DisplayOrder", "HasOptions", "IsAllowToOrder", "IsCallForPricing", "IsDeleted", "IsFeatured", "IsPublished", "IsVisibleIndividually", "MetaDescription", "MetaKeywords", "MetaTitle", "Name", "NormalizedName", "OldPrice", "Price", "PublishedOn", "RatingAverage", "ReviewsCount", "SeoTitle", "ShortDescription", "Sku", "SpecialPrice", "SpecialPriceEnd", "SpecialPriceStart", "Specification", "StockQuantity", "ThumbnailImageId", "UpdatedById", "UpdatedOn") VALUES (8, 1, NULL, '2017-02-07 00:00:00', '<p>Movie night in the Venu Great Room theater. We&#39;ll be screening Silver Linings Playbook, with Jennifer Lawrence and Bradley Cooper. 7:30 PM.<br></p>', 0, false, true, false, false, true, true, true, NULL, NULL, NULL, 'Movie Night', NULL, 0, 0, NULL, 2, 0, 'movie-night', '<p>movie night<br></p>', NULL, NULL, NULL, NULL, NULL, NULL, 8, NULL, '2017-01-19 19:00:00');
INSERT INTO "Catalog_Product" ("Id", "BrandId", "CreatedById", "CreatedOn", "Description", "DisplayOrder", "HasOptions", "IsAllowToOrder", "IsCallForPricing", "IsDeleted", "IsFeatured", "IsPublished", "IsVisibleIndividually", "MetaDescription", "MetaKeywords", "MetaTitle", "Name", "NormalizedName", "OldPrice", "Price", "PublishedOn", "RatingAverage", "ReviewsCount", "SeoTitle", "ShortDescription", "Sku", "SpecialPrice", "SpecialPriceEnd", "SpecialPriceStart", "Specification", "StockQuantity", "ThumbnailImageId", "UpdatedById", "UpdatedOn") VALUES (9, 1, NULL, '2017-02-07 00:00:00', '<p>The Venu&#39;s rear pool is closed temporarily. It&#39;s being drained in response to a sighting (unconfirmed) of the Loch Ness monster. But have no fear, we&#39;ll update this as soon as this rumor is disproved and the pool reopened. Unless, of course....<br></p>', 0, false, true, false, false, true, true, true, NULL, NULL, NULL, 'Back Pool Closed', NULL, 0, 0, NULL, 2, 0, 'venu-back-pool-closure', '<p>breaking news<br></p>', NULL, NULL, NULL, NULL, NULL, NULL, 9, NULL, '2017-01-19 00:00:00');
INSERT INTO "Catalog_Product" ("Id", "BrandId", "CreatedById", "CreatedOn", "Description", "DisplayOrder", "HasOptions", "IsAllowToOrder", "IsCallForPricing", "IsDeleted", "IsFeatured", "IsPublished", "IsVisibleIndividually", "MetaDescription", "MetaKeywords", "MetaTitle", "Name", "NormalizedName", "OldPrice", "Price", "PublishedOn", "RatingAverage", "ReviewsCount", "SeoTitle", "ShortDescription", "Sku", "SpecialPrice", "SpecialPriceEnd", "SpecialPriceStart", "Specification", "StockQuantity", "ThumbnailImageId", "UpdatedById", "UpdatedOn") VALUES (10, 1, NULL, '2017-02-07 00:00:00', '<p>Join your neighbors for an exercise hike on Saturday mornings, meeting at 9:00 AM in the Venu Great Room. We&#39;ll walk on various nearby routes for a round trip of an hour or so.<br></p>', 0, false, true, false, false, true, true, true, NULL, NULL, NULL, 'Weekly Exercise Hike', NULL, 0, 0, NULL, 2, 0, 'weekly-exercise-hike', '<p>did you know<br></p>', NULL, NULL, NULL, NULL, NULL, NULL, 10, NULL, '2017-01-19 00:00:00');
INSERT INTO "Catalog_Product" ("Id", "BrandId", "CreatedById", "CreatedOn", "Description", "DisplayOrder", "HasOptions", "IsAllowToOrder", "IsCallForPricing", "IsDeleted", "IsFeatured", "IsPublished", "IsVisibleIndividually", "MetaDescription", "MetaKeywords", "MetaTitle", "Name", "NormalizedName", "OldPrice", "Price", "PublishedOn", "RatingAverage", "ReviewsCount", "SeoTitle", "ShortDescription", "Sku", "SpecialPrice", "SpecialPriceEnd", "SpecialPriceStart", "Specification", "StockQuantity", "ThumbnailImageId", "UpdatedById", "UpdatedOn") VALUES (11, 1, NULL, '2017-02-07 00:00:00', '<p>Cafe Francaise, chicken and broccoli filled crepes, topped with hollandaise sauce served with a house salad and creme brulee.<br></p>', 0, false, true, false, false, true, true, true, NULL, NULL, NULL, 'Cafe Francaise', NULL, 14, 14, NULL, 2, 0, 'cafe-francaise', '<p>Chicken and broccoli filled crepes<br></p>', NULL, NULL, NULL, NULL, NULL, NULL, 11, NULL, '2017-02-01 18:30:00');
INSERT INTO "Catalog_Product" ("Id", "BrandId", "CreatedById", "CreatedOn", "Description", "DisplayOrder", "HasOptions", "IsAllowToOrder", "IsCallForPricing", "IsDeleted", "IsFeatured", "IsPublished", "IsVisibleIndividually", "MetaDescription", "MetaKeywords", "MetaTitle", "Name", "NormalizedName", "OldPrice", "Price", "PublishedOn", "RatingAverage", "ReviewsCount", "SeoTitle", "ShortDescription", "Sku", "SpecialPrice", "SpecialPriceEnd", "SpecialPriceStart", "Specification", "StockQuantity", "ThumbnailImageId", "UpdatedById", "UpdatedOn") VALUES (12, 2, NULL, '2017-02-07 00:00:00', '<p>The soup bar, even here in AZ it can get a little chilly. Come down to the great room and warm up with a selection of soups, breads and salad.<br></p>', 0, false, true, false, false, true, true, true, NULL, NULL, NULL, 'Soup Bar', NULL, 10, 10, NULL, 2, 0, 'soup-bar', '<p>Soups and salad<br></p>', NULL, NULL, NULL, NULL, NULL, NULL, 12, NULL, '2017-02-02 18:30:00');
INSERT INTO "Catalog_Product" ("Id", "BrandId", "CreatedById", "CreatedOn", "Description", "DisplayOrder", "HasOptions", "IsAllowToOrder", "IsCallForPricing", "IsDeleted", "IsFeatured", "IsPublished", "IsVisibleIndividually", "MetaDescription", "MetaKeywords", "MetaTitle", "Name", "NormalizedName", "OldPrice", "Price", "PublishedOn", "RatingAverage", "ReviewsCount", "SeoTitle", "ShortDescription", "Sku", "SpecialPrice", "SpecialPriceEnd", "SpecialPriceStart", "Specification", "StockQuantity", "ThumbnailImageId", "UpdatedById", "UpdatedOn") VALUES (13, 1, NULL, '2017-02-07 00:00:00', '<p>Bring a dish to share, for dinner in the Great Room. And we&#39;ll screen Sully in the theater at 7:00 PM.<br></p>', 0, false, true, false, false, true, true, true, NULL, NULL, NULL, 'Potluck and Movie', NULL, 0, 0, NULL, 2, 0, 'potluck-movie', '<p>Potluck dinner and movie Sully<br></p>', NULL, NULL, NULL, NULL, NULL, NULL, 13, NULL, '2017-02-03 18:00:00');
INSERT INTO "Catalog_Product" ("Id", "BrandId", "CreatedById", "CreatedOn", "Description", "DisplayOrder", "HasOptions", "IsAllowToOrder", "IsCallForPricing", "IsDeleted", "IsFeatured", "IsPublished", "IsVisibleIndividually", "MetaDescription", "MetaKeywords", "MetaTitle", "Name", "NormalizedName", "OldPrice", "Price", "PublishedOn", "RatingAverage", "ReviewsCount", "SeoTitle", "ShortDescription", "Sku", "SpecialPrice", "SpecialPriceEnd", "SpecialPriceStart", "Specification", "StockQuantity", "ThumbnailImageId", "UpdatedById", "UpdatedOn") VALUES (14, 2, NULL, '2017-02-07 00:00:00', '<p>Chef Mike will whip up a selection of Super Bowl finger foods, including regional favorites from Atlanta and Boston<br></p>', 0, false, true, false, false, true, true, true, NULL, NULL, NULL, 'Super Bowl Party', NULL, 15, 15, NULL, 2, 0, 'super-bowl-party', '<p>Finger food and the big game on the big screens<br></p>', NULL, NULL, NULL, NULL, NULL, NULL, 14, NULL, '2017-02-05 18:30:00');
INSERT INTO "Catalog_Product" ("Id", "BrandId", "CreatedById", "CreatedOn", "Description", "DisplayOrder", "HasOptions", "IsAllowToOrder", "IsCallForPricing", "IsDeleted", "IsFeatured", "IsPublished", "IsVisibleIndividually", "MetaDescription", "MetaKeywords", "MetaTitle", "Name", "NormalizedName", "OldPrice", "Price", "PublishedOn", "RatingAverage", "ReviewsCount", "SeoTitle", "ShortDescription", "Sku", "SpecialPrice", "SpecialPriceEnd", "SpecialPriceStart", "Specification", "StockQuantity", "ThumbnailImageId", "UpdatedById", "UpdatedOn") VALUES (15, 1, NULL, '2017-02-07 00:00:00', '<p>Meatball subs, seasonal green salad and cannoli.<br></p>', 0, false, true, false, false, true, true, true, NULL, NULL, NULL, 'Meatball Subs', NULL, 12, 12, NULL, 2, 0, 'meatball-subs', '<p>Meatball sub sandwiches<br></p>', NULL, NULL, NULL, NULL, NULL, NULL, 15, NULL, '2017-02-06 18:30:00');
INSERT INTO "Catalog_Product" ("Id", "BrandId", "CreatedById", "CreatedOn", "Description", "DisplayOrder", "HasOptions", "IsAllowToOrder", "IsCallForPricing", "IsDeleted", "IsFeatured", "IsPublished", "IsVisibleIndividually", "MetaDescription", "MetaKeywords", "MetaTitle", "Name", "NormalizedName", "OldPrice", "Price", "PublishedOn", "RatingAverage", "ReviewsCount", "SeoTitle", "ShortDescription", "Sku", "SpecialPrice", "SpecialPriceEnd", "SpecialPriceStart", "Specification", "StockQuantity", "ThumbnailImageId", "UpdatedById", "UpdatedOn") VALUES (16, 2, NULL, '2017-02-07 00:00:00', '<p>Chimicurri marinated Mahi Mahi grilled and served on seasonal greens, and vegetables tossed in an avocado and lime vinaigrette.<br></p>', 0, false, true, false, false, true, true, true, NULL, NULL, NULL, 'Mahi Mahi', NULL, 14, 14, NULL, 2, 0, 'mahi-mahi', '<p>Grilled marinated Mahi Mahi<br></p>', NULL, NULL, NULL, NULL, NULL, NULL, 16, NULL, '2017-02-07 18:30:00');
INSERT INTO "Catalog_Product" ("Id", "BrandId", "CreatedById", "CreatedOn", "Description", "DisplayOrder", "HasOptions", "IsAllowToOrder", "IsCallForPricing", "IsDeleted", "IsFeatured", "IsPublished", "IsVisibleIndividually", "MetaDescription", "MetaKeywords", "MetaTitle", "Name", "NormalizedName", "OldPrice", "Price", "PublishedOn", "RatingAverage", "ReviewsCount", "SeoTitle", "ShortDescription", "Sku", "SpecialPrice", "SpecialPriceEnd", "SpecialPriceStart", "Specification", "StockQuantity", "ThumbnailImageId", "UpdatedById", "UpdatedOn") VALUES (17, 1, NULL, '2017-02-07 00:00:00', '<p>Chef Mike&#39;s famous slow-roasted pork ribs.<br></p>', 0, false, true, false, false, true, true, true, NULL, NULL, NULL, 'Ribs Night', NULL, 14, 14, NULL, 2, 0, 'ribs-night-venu', '<p>Slow roasted pork ribs<br></p>', NULL, NULL, NULL, NULL, NULL, NULL, 17, NULL, '2017-02-08 18:30:00');
INSERT INTO "Catalog_Product" ("Id", "BrandId", "CreatedById", "CreatedOn", "Description", "DisplayOrder", "HasOptions", "IsAllowToOrder", "IsCallForPricing", "IsDeleted", "IsFeatured", "IsPublished", "IsVisibleIndividually", "MetaDescription", "MetaKeywords", "MetaTitle", "Name", "NormalizedName", "OldPrice", "Price", "PublishedOn", "RatingAverage", "ReviewsCount", "SeoTitle", "ShortDescription", "Sku", "SpecialPrice", "SpecialPriceEnd", "SpecialPriceStart", "Specification", "StockQuantity", "ThumbnailImageId", "UpdatedById", "UpdatedOn") VALUES (18, 2, NULL, '2017-02-07 00:00:00', '<p>Bingo Night. Have a few snacks and may the numbers be in your favor.<br></p>', 0, false, true, false, false, true, true, true, NULL, NULL, NULL, 'Bingo Night', NULL, 10, 10, NULL, 2, 0, 'bingo-night', '<p>Bingo and snacks<br></p>', NULL, NULL, NULL, NULL, NULL, NULL, 18, NULL, '2017-02-09 19:00:00');
INSERT INTO "Catalog_Product" ("Id", "BrandId", "CreatedById", "CreatedOn", "Description", "DisplayOrder", "HasOptions", "IsAllowToOrder", "IsCallForPricing", "IsDeleted", "IsFeatured", "IsPublished", "IsVisibleIndividually", "MetaDescription", "MetaKeywords", "MetaTitle", "Name", "NormalizedName", "OldPrice", "Price", "PublishedOn", "RatingAverage", "ReviewsCount", "SeoTitle", "ShortDescription", "Sku", "SpecialPrice", "SpecialPriceEnd", "SpecialPriceStart", "Specification", "StockQuantity", "ThumbnailImageId", "UpdatedById", "UpdatedOn") VALUES (19, 1, NULL, '2017-02-07 00:00:00', '<p>Your kids can make a craft valentine, and play bingo for fun.<br></p>', 0, false, true, false, false, true, true, true, NULL, NULL, NULL, 'Kids Valentines & Bingo', NULL, 5, 5, NULL, 2, 0, 'kids-valentines-bingo', '<p>Kid&#39;s valentines and bingo<br></p>', NULL, NULL, NULL, NULL, NULL, NULL, 19, NULL, '2017-02-11 10:00:00');
INSERT INTO "Catalog_Product" ("Id", "BrandId", "CreatedById", "CreatedOn", "Description", "DisplayOrder", "HasOptions", "IsAllowToOrder", "IsCallForPricing", "IsDeleted", "IsFeatured", "IsPublished", "IsVisibleIndividually", "MetaDescription", "MetaKeywords", "MetaTitle", "Name", "NormalizedName", "OldPrice", "Price", "PublishedOn", "RatingAverage", "ReviewsCount", "SeoTitle", "ShortDescription", "Sku", "SpecialPrice", "SpecialPriceEnd", "SpecialPriceStart", "Specification", "StockQuantity", "ThumbnailImageId", "UpdatedById", "UpdatedOn") VALUES (20, 1, NULL, '2017-02-07 00:00:00', '<p>We&#39;ll screen four classic romantic movies in the movie room, starting at noon. Titles TBD.<br></p>', 0, false, true, false, false, true, true, true, NULL, NULL, NULL, 'Romantic Movie Marathon', NULL, 0, 0, NULL, 2, 0, 'romantic-movie-marathon', '<p>Romantic movie marathon<br></p>', NULL, NULL, NULL, NULL, NULL, NULL, 20, NULL, '2017-02-12 12:00:00');
INSERT INTO "Catalog_Product" ("Id", "BrandId", "CreatedById", "CreatedOn", "Description", "DisplayOrder", "HasOptions", "IsAllowToOrder", "IsCallForPricing", "IsDeleted", "IsFeatured", "IsPublished", "IsVisibleIndividually", "MetaDescription", "MetaKeywords", "MetaTitle", "Name", "NormalizedName", "OldPrice", "Price", "PublishedOn", "RatingAverage", "ReviewsCount", "SeoTitle", "ShortDescription", "Sku", "SpecialPrice", "SpecialPriceEnd", "SpecialPriceStart", "Specification", "StockQuantity", "ThumbnailImageId", "UpdatedById", "UpdatedOn") VALUES (21, 2, NULL, '2017-02-07 00:00:00', '<p>Valentine&#39;s Day cupcakes (please pre-order). Two jumbo cupcakes boxed and ready for your sweetie or yourself (you deserve it!). Red velvet with strawberry buttercream and chocolate oblivion. Ready for pick up after 4:00 PM.<br></p>', 0, false, true, false, false, true, true, true, NULL, NULL, NULL, 'Valentine''s Cupcakes', NULL, 10, 10, NULL, 2, 0, 'valentine''s-cupcakes', '<p>Gourmet cupcakes for your valentine<br></p>', NULL, NULL, NULL, NULL, NULL, NULL, 21, NULL, '2017-02-13 16:00:00');
INSERT INTO "Catalog_Product" ("Id", "BrandId", "CreatedById", "CreatedOn", "Description", "DisplayOrder", "HasOptions", "IsAllowToOrder", "IsCallForPricing", "IsDeleted", "IsFeatured", "IsPublished", "IsVisibleIndividually", "MetaDescription", "MetaKeywords", "MetaTitle", "Name", "NormalizedName", "OldPrice", "Price", "PublishedOn", "RatingAverage", "ReviewsCount", "SeoTitle", "ShortDescription", "Sku", "SpecialPrice", "SpecialPriceEnd", "SpecialPriceStart", "Specification", "StockQuantity", "ThumbnailImageId", "UpdatedById", "UpdatedOn") VALUES (22, 1, NULL, '2017-02-07 00:00:00', '<p>Valentine&#39;s Day Dinner. Start with a caesar salad, then on to pan seared filet mignon served on crispy lobster cake and finished with bearnaise sauce. Dark chocolate cake, strawberry bavarian creme and chocolate ganache.<br></p>', 0, false, true, false, false, true, true, true, NULL, NULL, NULL, 'Valentine''s Dinner', NULL, 35, 35, NULL, 2, 0, 'valentine''s-dinner', '<p>Valentine&#39;s Day dinner<br></p>', NULL, NULL, NULL, NULL, NULL, NULL, 22, NULL, '2017-02-14 18:30:00');
INSERT INTO "Catalog_Product" ("Id", "BrandId", "CreatedById", "CreatedOn", "Description", "DisplayOrder", "HasOptions", "IsAllowToOrder", "IsCallForPricing", "IsDeleted", "IsFeatured", "IsPublished", "IsVisibleIndividually", "MetaDescription", "MetaKeywords", "MetaTitle", "Name", "NormalizedName", "OldPrice", "Price", "PublishedOn", "RatingAverage", "ReviewsCount", "SeoTitle", "ShortDescription", "Sku", "SpecialPrice", "SpecialPriceEnd", "SpecialPriceStart", "Specification", "StockQuantity", "ThumbnailImageId", "UpdatedById", "UpdatedOn") VALUES (23, 1, NULL, '2017-02-07 00:00:00', '<p>Winter warm-up - rueben sandwich and split pea soup.<br></p>', 0, false, true, false, false, true, true, true, NULL, NULL, NULL, 'Reuben & Split Pea Soup', NULL, 12, 12, NULL, 2, 0, 'reuben-split-pea-soup', '<p>Reuben Sandwich & Split Pea Soup<br></p>', NULL, NULL, NULL, NULL, NULL, NULL, 23, NULL, '2017-02-15 18:30:00');
INSERT INTO "Catalog_Product" ("Id", "BrandId", "CreatedById", "CreatedOn", "Description", "DisplayOrder", "HasOptions", "IsAllowToOrder", "IsCallForPricing", "IsDeleted", "IsFeatured", "IsPublished", "IsVisibleIndividually", "MetaDescription", "MetaKeywords", "MetaTitle", "Name", "NormalizedName", "OldPrice", "Price", "PublishedOn", "RatingAverage", "ReviewsCount", "SeoTitle", "ShortDescription", "Sku", "SpecialPrice", "SpecialPriceEnd", "SpecialPriceStart", "Specification", "StockQuantity", "ThumbnailImageId", "UpdatedById", "UpdatedOn") VALUES (24, 2, NULL, '2017-02-07 00:00:00', '<p>Chicken fried steak, mashed potatoes and seasonal vegetable. Texas sheet cake for dessert.<br></p>', 0, false, true, false, false, true, true, true, NULL, NULL, NULL, 'Chicken Fried Steak', NULL, 12, 12, NULL, 2, 0, 'chicken-fried-steak', '<p>Chicken fried steak<br></p>', NULL, NULL, NULL, NULL, NULL, NULL, 24, NULL, '2017-02-16 18:30:00');
INSERT INTO "Catalog_Product" ("Id", "BrandId", "CreatedById", "CreatedOn", "Description", "DisplayOrder", "HasOptions", "IsAllowToOrder", "IsCallForPricing", "IsDeleted", "IsFeatured", "IsPublished", "IsVisibleIndividually", "MetaDescription", "MetaKeywords", "MetaTitle", "Name", "NormalizedName", "OldPrice", "Price", "PublishedOn", "RatingAverage", "ReviewsCount", "SeoTitle", "ShortDescription", "Sku", "SpecialPrice", "SpecialPriceEnd", "SpecialPriceStart", "Specification", "StockQuantity", "ThumbnailImageId", "UpdatedById", "UpdatedOn") VALUES (25, 2, NULL, '2017-02-07 00:00:00', '<p>Shrimp scampi served on angel hair pasta with a house salad. Citrus spoked olive oil cake with winter fruit and whipped cream.<br></p>', 0, false, true, false, false, true, true, true, NULL, NULL, NULL, 'Shrimp Scampi', NULL, 16, 16, NULL, 2, 0, 'shrimp-scampi', '<p>Shrimp Scampi<br></p>', NULL, NULL, NULL, NULL, NULL, NULL, 25, NULL, '2017-02-21 18:30:00');
INSERT INTO "Catalog_Product" ("Id", "BrandId", "CreatedById", "CreatedOn", "Description", "DisplayOrder", "HasOptions", "IsAllowToOrder", "IsCallForPricing", "IsDeleted", "IsFeatured", "IsPublished", "IsVisibleIndividually", "MetaDescription", "MetaKeywords", "MetaTitle", "Name", "NormalizedName", "OldPrice", "Price", "PublishedOn", "RatingAverage", "ReviewsCount", "SeoTitle", "ShortDescription", "Sku", "SpecialPrice", "SpecialPriceEnd", "SpecialPriceStart", "Specification", "StockQuantity", "ThumbnailImageId", "UpdatedById", "UpdatedOn") VALUES (26, 1, NULL, '2017-02-07 00:00:00', '<p>Quarterly Venu board meeting in the Venu theater.<br></p>', 0, false, true, false, false, true, true, true, NULL, NULL, NULL, 'Venu Board Meeting', NULL, 0, 0, NULL, 2, 0, 'venu-board-meeting', '<p>Venu board meeting<br></p>', NULL, NULL, NULL, NULL, NULL, NULL, 26, NULL, '2017-02-21 19:00:00');
INSERT INTO "Catalog_Product" ("Id", "BrandId", "CreatedById", "CreatedOn", "Description", "DisplayOrder", "HasOptions", "IsAllowToOrder", "IsCallForPricing", "IsDeleted", "IsFeatured", "IsPublished", "IsVisibleIndividually", "MetaDescription", "MetaKeywords", "MetaTitle", "Name", "NormalizedName", "OldPrice", "Price", "PublishedOn", "RatingAverage", "ReviewsCount", "SeoTitle", "ShortDescription", "Sku", "SpecialPrice", "SpecialPriceEnd", "SpecialPriceStart", "Specification", "StockQuantity", "ThumbnailImageId", "UpdatedById", "UpdatedOn") VALUES (27, 1, NULL, '2017-02-07 00:00:00', '<p>Comfort kitchen pot roast, mashed potatoes and garlic green beans. Butterscotch pudding for dessert.<br></p>', 0, false, true, false, false, true, true, true, NULL, NULL, NULL, 'Pot Roast', NULL, 14, 14, NULL, 2, 0, 'pot-roast', '<p>Pot Roast<br></p>', NULL, NULL, NULL, NULL, NULL, NULL, 27, NULL, '2017-02-22 18:30:00');
INSERT INTO "Catalog_Product" ("Id", "BrandId", "CreatedById", "CreatedOn", "Description", "DisplayOrder", "HasOptions", "IsAllowToOrder", "IsCallForPricing", "IsDeleted", "IsFeatured", "IsPublished", "IsVisibleIndividually", "MetaDescription", "MetaKeywords", "MetaTitle", "Name", "NormalizedName", "OldPrice", "Price", "PublishedOn", "RatingAverage", "ReviewsCount", "SeoTitle", "ShortDescription", "Sku", "SpecialPrice", "SpecialPriceEnd", "SpecialPriceStart", "Specification", "StockQuantity", "ThumbnailImageId", "UpdatedById", "UpdatedOn") VALUES (28, 2, NULL, '2017-02-07 00:00:00', '<p>Chef Mike&#39;s famous slow-roasted pork ribs.<br></p>', 0, false, true, false, false, true, true, true, NULL, NULL, NULL, 'Ribs Night', NULL, 12, 12, NULL, 2, 0, 'ribs-night-edge', '<p>Slow roasted pork ribs<br></p>', NULL, NULL, NULL, NULL, NULL, NULL, 17, NULL, '2017-02-23 18:30:00');
INSERT INTO "Catalog_Product" ("Id", "BrandId", "CreatedById", "CreatedOn", "Description", "DisplayOrder", "HasOptions", "IsAllowToOrder", "IsCallForPricing", "IsDeleted", "IsFeatured", "IsPublished", "IsVisibleIndividually", "MetaDescription", "MetaKeywords", "MetaTitle", "Name", "NormalizedName", "OldPrice", "Price", "PublishedOn", "RatingAverage", "ReviewsCount", "SeoTitle", "ShortDescription", "Sku", "SpecialPrice", "SpecialPriceEnd", "SpecialPriceStart", "Specification", "StockQuantity", "ThumbnailImageId", "UpdatedById", "UpdatedOn") VALUES (29, 1, NULL, '2017-02-07 00:00:00', '<p>Learn the basics of still life painting with acrylics, while sipping a glass of wine.<br></p>', 0, false, true, false, false, true, true, true, NULL, NULL, NULL, 'Paint & Pour', NULL, 5, 5, NULL, 2, 0, 'paint-pour', '<p>Painting and Wine<br></p>', NULL, NULL, NULL, NULL, NULL, NULL, 28, NULL, '2017-02-24 18:30:00');
INSERT INTO "Catalog_Product" ("Id", "BrandId", "CreatedById", "CreatedOn", "Description", "DisplayOrder", "HasOptions", "IsAllowToOrder", "IsCallForPricing", "IsDeleted", "IsFeatured", "IsPublished", "IsVisibleIndividually", "MetaDescription", "MetaKeywords", "MetaTitle", "Name", "NormalizedName", "OldPrice", "Price", "PublishedOn", "RatingAverage", "ReviewsCount", "SeoTitle", "ShortDescription", "Sku", "SpecialPrice", "SpecialPriceEnd", "SpecialPriceStart", "Specification", "StockQuantity", "ThumbnailImageId", "UpdatedById", "UpdatedOn") VALUES (30, 1, NULL, '2017-02-07 00:00:00', '<p>The eye opener - morning glory muffins, fresh fruit and juice.<br></p>', 0, false, true, false, false, true, true, true, NULL, NULL, NULL, 'Eye Opener Breakfast', NULL, 8, 8, NULL, 2, 0, 'eye-opener-breakfast', '<p>Fresh baked muffins, fruit and juice<br></p>', NULL, NULL, NULL, NULL, NULL, NULL, 29, NULL, '2017-02-25 09:00:00');
INSERT INTO "Catalog_Product" ("Id", "BrandId", "CreatedById", "CreatedOn", "Description", "DisplayOrder", "HasOptions", "IsAllowToOrder", "IsCallForPricing", "IsDeleted", "IsFeatured", "IsPublished", "IsVisibleIndividually", "MetaDescription", "MetaKeywords", "MetaTitle", "Name", "NormalizedName", "OldPrice", "Price", "PublishedOn", "RatingAverage", "ReviewsCount", "SeoTitle", "ShortDescription", "Sku", "SpecialPrice", "SpecialPriceEnd", "SpecialPriceStart", "Specification", "StockQuantity", "ThumbnailImageId", "UpdatedById", "UpdatedOn") VALUES (31, 1, NULL, '2017-02-07 00:00:00', '<p>Oscar Party and potluck. Bring a dish to share. We&#39;ll enjoy champaign and toast our Hollywood favorites.<br></p>', 0, false, true, false, false, true, true, true, NULL, NULL, NULL, 'Oscar Party & Potluck', NULL, 0, 0, NULL, 2, 0, 'oscar-party-potluck', '<p>Oscar party and potluck dinner<br></p>', NULL, NULL, NULL, NULL, NULL, NULL, 30, NULL, '2017-02-26 17:30:00');
INSERT INTO "Catalog_Product" ("Id", "BrandId", "CreatedById", "CreatedOn", "Description", "DisplayOrder", "HasOptions", "IsAllowToOrder", "IsCallForPricing", "IsDeleted", "IsFeatured", "IsPublished", "IsVisibleIndividually", "MetaDescription", "MetaKeywords", "MetaTitle", "Name", "NormalizedName", "OldPrice", "Price", "PublishedOn", "RatingAverage", "ReviewsCount", "SeoTitle", "ShortDescription", "Sku", "SpecialPrice", "SpecialPriceEnd", "SpecialPriceStart", "Specification", "StockQuantity", "ThumbnailImageId", "UpdatedById", "UpdatedOn") VALUES (32, 1, NULL, '2017-02-07 00:00:00', '<p>Grilled proscuitto wrapped pork tenderloin served on faro pilaf and finished with apple cranberry compote. Cheesecake with chocolate and cherries for dessert.<br></p>', 0, false, true, false, false, true, true, true, NULL, NULL, NULL, 'Pork Tenderloin', NULL, 14, 14, NULL, 2, 0, 'pork-tenderloin', '<p>Proscuitto-wrapped pork tenderloin<br></p>', NULL, NULL, NULL, NULL, NULL, NULL, 31, NULL, '2017-02-27 18:30:00');
INSERT INTO "Catalog_Product" ("Id", "BrandId", "CreatedById", "CreatedOn", "Description", "DisplayOrder", "HasOptions", "IsAllowToOrder", "IsCallForPricing", "IsDeleted", "IsFeatured", "IsPublished", "IsVisibleIndividually", "MetaDescription", "MetaKeywords", "MetaTitle", "Name", "NormalizedName", "OldPrice", "Price", "PublishedOn", "RatingAverage", "ReviewsCount", "SeoTitle", "ShortDescription", "Sku", "SpecialPrice", "SpecialPriceEnd", "SpecialPriceStart", "Specification", "StockQuantity", "ThumbnailImageId", "UpdatedById", "UpdatedOn") VALUES (33, 2, NULL, '2017-02-07 00:00:00', '<p>Chicken Schnitzel, german potato salad, braised red cabbage. Black forest cupcakes for dessert.<br></p>', 0, false, true, false, false, true, true, true, NULL, NULL, NULL, 'Chicken Schnitzel', NULL, 12, 12, NULL, 2, 0, 'chicken-schnitzel', '<p>Chicken Schnitzel<br></p>', NULL, NULL, NULL, NULL, NULL, NULL, 32, NULL, '2017-02-28 18:30:00');
SELECT pg_catalog.setval('"Catalog_Product_Id_seq"', 33, true);


INSERT INTO "Catalog_ProductMedia" ("Id", "DisplayOrder", "MediaId", "ProductId") VALUES (1, 0, 1, 1);
INSERT INTO "Catalog_ProductMedia" ("Id", "DisplayOrder", "MediaId", "ProductId") VALUES (2, 0, 2, 2);
INSERT INTO "Catalog_ProductMedia" ("Id", "DisplayOrder", "MediaId", "ProductId") VALUES (3, 0, 3, 3);
INSERT INTO "Catalog_ProductMedia" ("Id", "DisplayOrder", "MediaId", "ProductId") VALUES (4, 0, 4, 4);
INSERT INTO "Catalog_ProductMedia" ("Id", "DisplayOrder", "MediaId", "ProductId") VALUES (5, 0, 5, 5);
INSERT INTO "Catalog_ProductMedia" ("Id", "DisplayOrder", "MediaId", "ProductId") VALUES (6, 0, 6, 6);
INSERT INTO "Catalog_ProductMedia" ("Id", "DisplayOrder", "MediaId", "ProductId") VALUES (7, 0, 7, 7);
INSERT INTO "Catalog_ProductMedia" ("Id", "DisplayOrder", "MediaId", "ProductId") VALUES (8, 0, 8, 8);
INSERT INTO "Catalog_ProductMedia" ("Id", "DisplayOrder", "MediaId", "ProductId") VALUES (9, 0, 9, 9);
INSERT INTO "Catalog_ProductMedia" ("Id", "DisplayOrder", "MediaId", "ProductId") VALUES (10, 0, 10, 10);
INSERT INTO "Catalog_ProductMedia" ("Id", "DisplayOrder", "MediaId", "ProductId") VALUES (11, 0, 11, 11);
INSERT INTO "Catalog_ProductMedia" ("Id", "DisplayOrder", "MediaId", "ProductId") VALUES (12, 0, 12, 12);
INSERT INTO "Catalog_ProductMedia" ("Id", "DisplayOrder", "MediaId", "ProductId") VALUES (13, 0, 13, 13);
INSERT INTO "Catalog_ProductMedia" ("Id", "DisplayOrder", "MediaId", "ProductId") VALUES (14, 0, 14, 14);
INSERT INTO "Catalog_ProductMedia" ("Id", "DisplayOrder", "MediaId", "ProductId") VALUES (15, 0, 15, 15);
INSERT INTO "Catalog_ProductMedia" ("Id", "DisplayOrder", "MediaId", "ProductId") VALUES (16, 0, 16, 16);
INSERT INTO "Catalog_ProductMedia" ("Id", "DisplayOrder", "MediaId", "ProductId") VALUES (17, 0, 17, 17);
INSERT INTO "Catalog_ProductMedia" ("Id", "DisplayOrder", "MediaId", "ProductId") VALUES (18, 0, 18, 18);
INSERT INTO "Catalog_ProductMedia" ("Id", "DisplayOrder", "MediaId", "ProductId") VALUES (19, 0, 19, 19);
INSERT INTO "Catalog_ProductMedia" ("Id", "DisplayOrder", "MediaId", "ProductId") VALUES (20, 0, 20, 20);
INSERT INTO "Catalog_ProductMedia" ("Id", "DisplayOrder", "MediaId", "ProductId") VALUES (21, 0, 21, 21);
INSERT INTO "Catalog_ProductMedia" ("Id", "DisplayOrder", "MediaId", "ProductId") VALUES (22, 0, 22, 22);
INSERT INTO "Catalog_ProductMedia" ("Id", "DisplayOrder", "MediaId", "ProductId") VALUES (23, 0, 23, 23);
INSERT INTO "Catalog_ProductMedia" ("Id", "DisplayOrder", "MediaId", "ProductId") VALUES (24, 0, 24, 24);
INSERT INTO "Catalog_ProductMedia" ("Id", "DisplayOrder", "MediaId", "ProductId") VALUES (25, 0, 25, 25);
INSERT INTO "Catalog_ProductMedia" ("Id", "DisplayOrder", "MediaId", "ProductId") VALUES (26, 0, 26, 26);
INSERT INTO "Catalog_ProductMedia" ("Id", "DisplayOrder", "MediaId", "ProductId") VALUES (27, 0, 27, 27);
INSERT INTO "Catalog_ProductMedia" ("Id", "DisplayOrder", "MediaId", "ProductId") VALUES (28, 0, 17, 28);
INSERT INTO "Catalog_ProductMedia" ("Id", "DisplayOrder", "MediaId", "ProductId") VALUES (29, 0, 28, 29);
INSERT INTO "Catalog_ProductMedia" ("Id", "DisplayOrder", "MediaId", "ProductId") VALUES (30, 0, 29, 30);
INSERT INTO "Catalog_ProductMedia" ("Id", "DisplayOrder", "MediaId", "ProductId") VALUES (31, 0, 30, 31);
INSERT INTO "Catalog_ProductMedia" ("Id", "DisplayOrder", "MediaId", "ProductId") VALUES (32, 0, 31, 32);
INSERT INTO "Catalog_ProductMedia" ("Id", "DisplayOrder", "MediaId", "ProductId") VALUES (33, 0, 32, 33);
SELECT pg_catalog.setval('"Catalog_ProductMedia_Id_seq"', 33, true);


INSERT INTO "Catalog_ProductAttributeValue" ("Id", "AttributeId", "ProductId", "Value") VALUES (1, 1, 1, 'Venu Great Room');
INSERT INTO "Catalog_ProductAttributeValue" ("Id", "AttributeId", "ProductId", "Value") VALUES (2, 1, 2, 'Edge Great Room');
INSERT INTO "Catalog_ProductAttributeValue" ("Id", "AttributeId", "ProductId", "Value") VALUES (3, 1, 3, 'Venu Great Room');
INSERT INTO "Catalog_ProductAttributeValue" ("Id", "AttributeId", "ProductId", "Value") VALUES (4, 1, 4, 'Edge Great Room');
INSERT INTO "Catalog_ProductAttributeValue" ("Id", "AttributeId", "ProductId", "Value") VALUES (5, 1, 5, 'Venu Great Room');
INSERT INTO "Catalog_ProductAttributeValue" ("Id", "AttributeId", "ProductId", "Value") VALUES (6, 1, 6, 'Venu Great Room');
INSERT INTO "Catalog_ProductAttributeValue" ("Id", "AttributeId", "ProductId", "Value") VALUES (7, 1, 7, 'Venu Great Room');
INSERT INTO "Catalog_ProductAttributeValue" ("Id", "AttributeId", "ProductId", "Value") VALUES (8, 1, 8, 'Venu Great Room');
INSERT INTO "Catalog_ProductAttributeValue" ("Id", "AttributeId", "ProductId", "Value") VALUES (9, 2, 1, 'Chef Event');
INSERT INTO "Catalog_ProductAttributeValue" ("Id", "AttributeId", "ProductId", "Value") VALUES (10, 2, 2, 'Chef Event');
INSERT INTO "Catalog_ProductAttributeValue" ("Id", "AttributeId", "ProductId", "Value") VALUES (11, 2, 3, 'Chef Event');
INSERT INTO "Catalog_ProductAttributeValue" ("Id", "AttributeId", "ProductId", "Value") VALUES (12, 2, 4, 'Chef Event');
INSERT INTO "Catalog_ProductAttributeValue" ("Id", "AttributeId", "ProductId", "Value") VALUES (13, 2, 5, 'Social Event');
INSERT INTO "Catalog_ProductAttributeValue" ("Id", "AttributeId", "ProductId", "Value") VALUES (14, 2, 6, 'Social Event');
INSERT INTO "Catalog_ProductAttributeValue" ("Id", "AttributeId", "ProductId", "Value") VALUES (15, 2, 7, 'Social Event');
INSERT INTO "Catalog_ProductAttributeValue" ("Id", "AttributeId", "ProductId", "Value") VALUES (16, 2, 8, 'Social Event');
INSERT INTO "Catalog_ProductAttributeValue" ("Id", "AttributeId", "ProductId", "Value") VALUES (17, 3, 9, 'Alert');
INSERT INTO "Catalog_ProductAttributeValue" ("Id", "AttributeId", "ProductId", "Value") VALUES (18, 3, 10, 'General Information');
INSERT INTO "Catalog_ProductAttributeValue" ("Id", "AttributeId", "ProductId", "Value") VALUES (19, 4, 1, 'Omnivore');
INSERT INTO "Catalog_ProductAttributeValue" ("Id", "AttributeId", "ProductId", "Value") VALUES (20, 4, 2, 'Omnivore');
INSERT INTO "Catalog_ProductAttributeValue" ("Id", "AttributeId", "ProductId", "Value") VALUES (21, 4, 3, 'Vegetarian');
INSERT INTO "Catalog_ProductAttributeValue" ("Id", "AttributeId", "ProductId", "Value") VALUES (22, 4, 4, 'Omnivore');
INSERT INTO "Catalog_ProductAttributeValue" ("Id", "AttributeId", "ProductId", "Value") VALUES (23, 1, 11, 'Venu Great Room');
INSERT INTO "Catalog_ProductAttributeValue" ("Id", "AttributeId", "ProductId", "Value") VALUES (24, 1, 12, 'Edge Great Room');
INSERT INTO "Catalog_ProductAttributeValue" ("Id", "AttributeId", "ProductId", "Value") VALUES (25, 1, 13, 'Venu Great Room');
INSERT INTO "Catalog_ProductAttributeValue" ("Id", "AttributeId", "ProductId", "Value") VALUES (26, 1, 14, 'Edge Great Room');
INSERT INTO "Catalog_ProductAttributeValue" ("Id", "AttributeId", "ProductId", "Value") VALUES (27, 1, 15, 'Venu Great Room');
INSERT INTO "Catalog_ProductAttributeValue" ("Id", "AttributeId", "ProductId", "Value") VALUES (28, 1, 16, 'Edge Great Room');
INSERT INTO "Catalog_ProductAttributeValue" ("Id", "AttributeId", "ProductId", "Value") VALUES (29, 1, 17, 'Venu Great Room');
INSERT INTO "Catalog_ProductAttributeValue" ("Id", "AttributeId", "ProductId", "Value") VALUES (30, 1, 18, 'Edge Great Room');
INSERT INTO "Catalog_ProductAttributeValue" ("Id", "AttributeId", "ProductId", "Value") VALUES (31, 1, 19, 'Venu Great Room');
INSERT INTO "Catalog_ProductAttributeValue" ("Id", "AttributeId", "ProductId", "Value") VALUES (32, 1, 20, 'Venu Great Room');
INSERT INTO "Catalog_ProductAttributeValue" ("Id", "AttributeId", "ProductId", "Value") VALUES (33, 1, 21, 'Edge Great Room');
INSERT INTO "Catalog_ProductAttributeValue" ("Id", "AttributeId", "ProductId", "Value") VALUES (34, 1, 22, 'Venu Great Room');
INSERT INTO "Catalog_ProductAttributeValue" ("Id", "AttributeId", "ProductId", "Value") VALUES (35, 1, 23, 'Venu Great Room');
INSERT INTO "Catalog_ProductAttributeValue" ("Id", "AttributeId", "ProductId", "Value") VALUES (36, 1, 24, 'Edge Great Room');
INSERT INTO "Catalog_ProductAttributeValue" ("Id", "AttributeId", "ProductId", "Value") VALUES (37, 1, 25, 'Edge Great Room');
INSERT INTO "Catalog_ProductAttributeValue" ("Id", "AttributeId", "ProductId", "Value") VALUES (38, 1, 26, 'Venu Great Room');
INSERT INTO "Catalog_ProductAttributeValue" ("Id", "AttributeId", "ProductId", "Value") VALUES (39, 1, 27, 'Venu Great Room');
INSERT INTO "Catalog_ProductAttributeValue" ("Id", "AttributeId", "ProductId", "Value") VALUES (40, 1, 28, 'Edge Great Room');
INSERT INTO "Catalog_ProductAttributeValue" ("Id", "AttributeId", "ProductId", "Value") VALUES (41, 1, 29, 'Venu Great Room');
INSERT INTO "Catalog_ProductAttributeValue" ("Id", "AttributeId", "ProductId", "Value") VALUES (42, 1, 30, 'Venu Great Room');
INSERT INTO "Catalog_ProductAttributeValue" ("Id", "AttributeId", "ProductId", "Value") VALUES (43, 1, 31, 'Venu Great Room');
INSERT INTO "Catalog_ProductAttributeValue" ("Id", "AttributeId", "ProductId", "Value") VALUES (44, 1, 32, 'Venu Great Room');
INSERT INTO "Catalog_ProductAttributeValue" ("Id", "AttributeId", "ProductId", "Value") VALUES (45, 1, 33, 'Edge Great Room');
INSERT INTO "Catalog_ProductAttributeValue" ("Id", "AttributeId", "ProductId", "Value") VALUES (46, 2, 11, 'Chef Event');
INSERT INTO "Catalog_ProductAttributeValue" ("Id", "AttributeId", "ProductId", "Value") VALUES (47, 2, 12, 'Chef Event');
INSERT INTO "Catalog_ProductAttributeValue" ("Id", "AttributeId", "ProductId", "Value") VALUES (48, 2, 14, 'Social Event');
INSERT INTO "Catalog_ProductAttributeValue" ("Id", "AttributeId", "ProductId", "Value") VALUES (49, 2, 15, 'Chef Event');
INSERT INTO "Catalog_ProductAttributeValue" ("Id", "AttributeId", "ProductId", "Value") VALUES (50, 2, 16, 'Chef Event');
INSERT INTO "Catalog_ProductAttributeValue" ("Id", "AttributeId", "ProductId", "Value") VALUES (51, 2, 17, 'Chef Event');
INSERT INTO "Catalog_ProductAttributeValue" ("Id", "AttributeId", "ProductId", "Value") VALUES (52, 2, 21, 'Chef Event');
INSERT INTO "Catalog_ProductAttributeValue" ("Id", "AttributeId", "ProductId", "Value") VALUES (53, 2, 22, 'Chef Event');
INSERT INTO "Catalog_ProductAttributeValue" ("Id", "AttributeId", "ProductId", "Value") VALUES (54, 2, 23, 'Chef Event');
INSERT INTO "Catalog_ProductAttributeValue" ("Id", "AttributeId", "ProductId", "Value") VALUES (55, 2, 24, 'Chef Event');
INSERT INTO "Catalog_ProductAttributeValue" ("Id", "AttributeId", "ProductId", "Value") VALUES (56, 2, 25, 'Chef Event');
INSERT INTO "Catalog_ProductAttributeValue" ("Id", "AttributeId", "ProductId", "Value") VALUES (57, 2, 27, 'Chef Event');
INSERT INTO "Catalog_ProductAttributeValue" ("Id", "AttributeId", "ProductId", "Value") VALUES (58, 2, 28, 'Chef Event');
INSERT INTO "Catalog_ProductAttributeValue" ("Id", "AttributeId", "ProductId", "Value") VALUES (59, 2, 30, 'Chef Event');
INSERT INTO "Catalog_ProductAttributeValue" ("Id", "AttributeId", "ProductId", "Value") VALUES (60, 2, 32, 'Chef Event');
INSERT INTO "Catalog_ProductAttributeValue" ("Id", "AttributeId", "ProductId", "Value") VALUES (61, 2, 33, 'Chef Event');
INSERT INTO "Catalog_ProductAttributeValue" ("Id", "AttributeId", "ProductId", "Value") VALUES (62, 2, 13, 'Social Event');
INSERT INTO "Catalog_ProductAttributeValue" ("Id", "AttributeId", "ProductId", "Value") VALUES (63, 2, 18, 'Social Event');
INSERT INTO "Catalog_ProductAttributeValue" ("Id", "AttributeId", "ProductId", "Value") VALUES (64, 2, 19, 'Social Event');
INSERT INTO "Catalog_ProductAttributeValue" ("Id", "AttributeId", "ProductId", "Value") VALUES (65, 2, 20, 'Social Event');
INSERT INTO "Catalog_ProductAttributeValue" ("Id", "AttributeId", "ProductId", "Value") VALUES (66, 2, 29, 'Social Event');
INSERT INTO "Catalog_ProductAttributeValue" ("Id", "AttributeId", "ProductId", "Value") VALUES (67, 2, 31, 'Social Event');
INSERT INTO "Catalog_ProductAttributeValue" ("Id", "AttributeId", "ProductId", "Value") VALUES (68, 3, 26, 'Notice');
INSERT INTO "Catalog_ProductAttributeValue" ("Id", "AttributeId", "ProductId", "Value") VALUES (69, 4, 11, 'Omnivore');
INSERT INTO "Catalog_ProductAttributeValue" ("Id", "AttributeId", "ProductId", "Value") VALUES (70, 4, 12, 'Omnivore');
INSERT INTO "Catalog_ProductAttributeValue" ("Id", "AttributeId", "ProductId", "Value") VALUES (71, 4, 14, 'Omnivore');
INSERT INTO "Catalog_ProductAttributeValue" ("Id", "AttributeId", "ProductId", "Value") VALUES (72, 4, 15, 'Omnivore');
INSERT INTO "Catalog_ProductAttributeValue" ("Id", "AttributeId", "ProductId", "Value") VALUES (73, 4, 16, 'Omnivore');
INSERT INTO "Catalog_ProductAttributeValue" ("Id", "AttributeId", "ProductId", "Value") VALUES (74, 4, 17, 'Omnivore');
INSERT INTO "Catalog_ProductAttributeValue" ("Id", "AttributeId", "ProductId", "Value") VALUES (75, 4, 21, 'Omnivore');
INSERT INTO "Catalog_ProductAttributeValue" ("Id", "AttributeId", "ProductId", "Value") VALUES (76, 4, 22, 'Omnivore');
INSERT INTO "Catalog_ProductAttributeValue" ("Id", "AttributeId", "ProductId", "Value") VALUES (77, 4, 23, 'Omnivore');
INSERT INTO "Catalog_ProductAttributeValue" ("Id", "AttributeId", "ProductId", "Value") VALUES (78, 4, 24, 'Omnivore');
INSERT INTO "Catalog_ProductAttributeValue" ("Id", "AttributeId", "ProductId", "Value") VALUES (79, 4, 25, 'Omnivore');
INSERT INTO "Catalog_ProductAttributeValue" ("Id", "AttributeId", "ProductId", "Value") VALUES (80, 4, 27, 'Omnivore');
INSERT INTO "Catalog_ProductAttributeValue" ("Id", "AttributeId", "ProductId", "Value") VALUES (81, 4, 28, 'Omnivore');
INSERT INTO "Catalog_ProductAttributeValue" ("Id", "AttributeId", "ProductId", "Value") VALUES (82, 4, 30, 'Omnivore');
INSERT INTO "Catalog_ProductAttributeValue" ("Id", "AttributeId", "ProductId", "Value") VALUES (83, 4, 32, 'Omnivore');
INSERT INTO "Catalog_ProductAttributeValue" ("Id", "AttributeId", "ProductId", "Value") VALUES (84, 4, 33, 'Omnivore');
SELECT pg_catalog.setval('"Catalog_ProductAttributeValue_Id_seq"', 84, true);

INSERT INTO "Catalog_ProductCategory" ("Id", "CategoryId", "DisplayOrder", "IsFeaturedProduct", "ProductId") VALUES (1, 1, 0, false, 1);
INSERT INTO "Catalog_ProductCategory" ("Id", "CategoryId", "DisplayOrder", "IsFeaturedProduct", "ProductId") VALUES (2, 2, 0, false, 1);
INSERT INTO "Catalog_ProductCategory" ("Id", "CategoryId", "DisplayOrder", "IsFeaturedProduct", "ProductId") VALUES (3, 3, 0, false, 1);
INSERT INTO "Catalog_ProductCategory" ("Id", "CategoryId", "DisplayOrder", "IsFeaturedProduct", "ProductId") VALUES (4, 1, 0, false, 2);
INSERT INTO "Catalog_ProductCategory" ("Id", "CategoryId", "DisplayOrder", "IsFeaturedProduct", "ProductId") VALUES (5, 2, 0, false, 2);
INSERT INTO "Catalog_ProductCategory" ("Id", "CategoryId", "DisplayOrder", "IsFeaturedProduct", "ProductId") VALUES (6, 4, 0, false, 2);
INSERT INTO "Catalog_ProductCategory" ("Id", "CategoryId", "DisplayOrder", "IsFeaturedProduct", "ProductId") VALUES (7, 1, 0, false, 3);
INSERT INTO "Catalog_ProductCategory" ("Id", "CategoryId", "DisplayOrder", "IsFeaturedProduct", "ProductId") VALUES (8, 2, 0, false, 3);
INSERT INTO "Catalog_ProductCategory" ("Id", "CategoryId", "DisplayOrder", "IsFeaturedProduct", "ProductId") VALUES (9, 3, 0, false, 3);
INSERT INTO "Catalog_ProductCategory" ("Id", "CategoryId", "DisplayOrder", "IsFeaturedProduct", "ProductId") VALUES (10, 1, 0, false, 4);
INSERT INTO "Catalog_ProductCategory" ("Id", "CategoryId", "DisplayOrder", "IsFeaturedProduct", "ProductId") VALUES (11, 2, 0, false, 4);
INSERT INTO "Catalog_ProductCategory" ("Id", "CategoryId", "DisplayOrder", "IsFeaturedProduct", "ProductId") VALUES (12, 4, 0, false, 4);
INSERT INTO "Catalog_ProductCategory" ("Id", "CategoryId", "DisplayOrder", "IsFeaturedProduct", "ProductId") VALUES (13, 1, 0, false, 5);
INSERT INTO "Catalog_ProductCategory" ("Id", "CategoryId", "DisplayOrder", "IsFeaturedProduct", "ProductId") VALUES (14, 5, 0, false, 5);
INSERT INTO "Catalog_ProductCategory" ("Id", "CategoryId", "DisplayOrder", "IsFeaturedProduct", "ProductId") VALUES (15, 6, 0, false, 5);
INSERT INTO "Catalog_ProductCategory" ("Id", "CategoryId", "DisplayOrder", "IsFeaturedProduct", "ProductId") VALUES (16, 1, 0, false, 6);
INSERT INTO "Catalog_ProductCategory" ("Id", "CategoryId", "DisplayOrder", "IsFeaturedProduct", "ProductId") VALUES (17, 5, 0, false, 6);
INSERT INTO "Catalog_ProductCategory" ("Id", "CategoryId", "DisplayOrder", "IsFeaturedProduct", "ProductId") VALUES (18, 6, 0, false, 6);
INSERT INTO "Catalog_ProductCategory" ("Id", "CategoryId", "DisplayOrder", "IsFeaturedProduct", "ProductId") VALUES (19, 1, 0, false, 7);
INSERT INTO "Catalog_ProductCategory" ("Id", "CategoryId", "DisplayOrder", "IsFeaturedProduct", "ProductId") VALUES (20, 5, 0, false, 7);
INSERT INTO "Catalog_ProductCategory" ("Id", "CategoryId", "DisplayOrder", "IsFeaturedProduct", "ProductId") VALUES (21, 6, 0, false, 7);
INSERT INTO "Catalog_ProductCategory" ("Id", "CategoryId", "DisplayOrder", "IsFeaturedProduct", "ProductId") VALUES (22, 1, 0, false, 8);
INSERT INTO "Catalog_ProductCategory" ("Id", "CategoryId", "DisplayOrder", "IsFeaturedProduct", "ProductId") VALUES (23, 5, 0, false, 8);
INSERT INTO "Catalog_ProductCategory" ("Id", "CategoryId", "DisplayOrder", "IsFeaturedProduct", "ProductId") VALUES (24, 6, 0, false, 8);
INSERT INTO "Catalog_ProductCategory" ("Id", "CategoryId", "DisplayOrder", "IsFeaturedProduct", "ProductId") VALUES (25, 8, 0, false, 9);
INSERT INTO "Catalog_ProductCategory" ("Id", "CategoryId", "DisplayOrder", "IsFeaturedProduct", "ProductId") VALUES (26, 9, 0, false, 9);
INSERT INTO "Catalog_ProductCategory" ("Id", "CategoryId", "DisplayOrder", "IsFeaturedProduct", "ProductId") VALUES (27, 10, 0, false, 9);
INSERT INTO "Catalog_ProductCategory" ("Id", "CategoryId", "DisplayOrder", "IsFeaturedProduct", "ProductId") VALUES (28, 8, 0, false, 10);
INSERT INTO "Catalog_ProductCategory" ("Id", "CategoryId", "DisplayOrder", "IsFeaturedProduct", "ProductId") VALUES (29, 12, 0, false, 10);
INSERT INTO "Catalog_ProductCategory" ("Id", "CategoryId", "DisplayOrder", "IsFeaturedProduct", "ProductId") VALUES (30, 13, 0, false, 10);
INSERT INTO "Catalog_ProductCategory" ("Id", "CategoryId", "DisplayOrder", "IsFeaturedProduct", "ProductId") VALUES (31, 1, 0, false, 11);
INSERT INTO "Catalog_ProductCategory" ("Id", "CategoryId", "DisplayOrder", "IsFeaturedProduct", "ProductId") VALUES (32, 2, 0, false, 11);
INSERT INTO "Catalog_ProductCategory" ("Id", "CategoryId", "DisplayOrder", "IsFeaturedProduct", "ProductId") VALUES (33, 3, 0, false, 11);
INSERT INTO "Catalog_ProductCategory" ("Id", "CategoryId", "DisplayOrder", "IsFeaturedProduct", "ProductId") VALUES (34, 1, 0, false, 12);
INSERT INTO "Catalog_ProductCategory" ("Id", "CategoryId", "DisplayOrder", "IsFeaturedProduct", "ProductId") VALUES (35, 2, 0, false, 12);
INSERT INTO "Catalog_ProductCategory" ("Id", "CategoryId", "DisplayOrder", "IsFeaturedProduct", "ProductId") VALUES (36, 4, 0, false, 12);
INSERT INTO "Catalog_ProductCategory" ("Id", "CategoryId", "DisplayOrder", "IsFeaturedProduct", "ProductId") VALUES (37, 1, 0, false, 13);
INSERT INTO "Catalog_ProductCategory" ("Id", "CategoryId", "DisplayOrder", "IsFeaturedProduct", "ProductId") VALUES (38, 5, 0, false, 13);
INSERT INTO "Catalog_ProductCategory" ("Id", "CategoryId", "DisplayOrder", "IsFeaturedProduct", "ProductId") VALUES (39, 6, 0, false, 13);
INSERT INTO "Catalog_ProductCategory" ("Id", "CategoryId", "DisplayOrder", "IsFeaturedProduct", "ProductId") VALUES (40, 1, 0, false, 14);
INSERT INTO "Catalog_ProductCategory" ("Id", "CategoryId", "DisplayOrder", "IsFeaturedProduct", "ProductId") VALUES (41, 2, 0, false, 14);
INSERT INTO "Catalog_ProductCategory" ("Id", "CategoryId", "DisplayOrder", "IsFeaturedProduct", "ProductId") VALUES (42, 4, 0, false, 14);
INSERT INTO "Catalog_ProductCategory" ("Id", "CategoryId", "DisplayOrder", "IsFeaturedProduct", "ProductId") VALUES (43, 1, 0, false, 15);
INSERT INTO "Catalog_ProductCategory" ("Id", "CategoryId", "DisplayOrder", "IsFeaturedProduct", "ProductId") VALUES (44, 2, 0, false, 15);
INSERT INTO "Catalog_ProductCategory" ("Id", "CategoryId", "DisplayOrder", "IsFeaturedProduct", "ProductId") VALUES (45, 3, 0, false, 15);
INSERT INTO "Catalog_ProductCategory" ("Id", "CategoryId", "DisplayOrder", "IsFeaturedProduct", "ProductId") VALUES (46, 1, 0, false, 16);
INSERT INTO "Catalog_ProductCategory" ("Id", "CategoryId", "DisplayOrder", "IsFeaturedProduct", "ProductId") VALUES (47, 2, 0, false, 16);
INSERT INTO "Catalog_ProductCategory" ("Id", "CategoryId", "DisplayOrder", "IsFeaturedProduct", "ProductId") VALUES (48, 4, 0, false, 16);
INSERT INTO "Catalog_ProductCategory" ("Id", "CategoryId", "DisplayOrder", "IsFeaturedProduct", "ProductId") VALUES (49, 1, 0, false, 17);
INSERT INTO "Catalog_ProductCategory" ("Id", "CategoryId", "DisplayOrder", "IsFeaturedProduct", "ProductId") VALUES (50, 2, 0, false, 17);
INSERT INTO "Catalog_ProductCategory" ("Id", "CategoryId", "DisplayOrder", "IsFeaturedProduct", "ProductId") VALUES (51, 3, 0, false, 17);
INSERT INTO "Catalog_ProductCategory" ("Id", "CategoryId", "DisplayOrder", "IsFeaturedProduct", "ProductId") VALUES (52, 1, 0, false, 18);
INSERT INTO "Catalog_ProductCategory" ("Id", "CategoryId", "DisplayOrder", "IsFeaturedProduct", "ProductId") VALUES (53, 5, 0, false, 18);
INSERT INTO "Catalog_ProductCategory" ("Id", "CategoryId", "DisplayOrder", "IsFeaturedProduct", "ProductId") VALUES (54, 7, 0, false, 18);
INSERT INTO "Catalog_ProductCategory" ("Id", "CategoryId", "DisplayOrder", "IsFeaturedProduct", "ProductId") VALUES (55, 1, 0, false, 19);
INSERT INTO "Catalog_ProductCategory" ("Id", "CategoryId", "DisplayOrder", "IsFeaturedProduct", "ProductId") VALUES (56, 5, 0, false, 19);
INSERT INTO "Catalog_ProductCategory" ("Id", "CategoryId", "DisplayOrder", "IsFeaturedProduct", "ProductId") VALUES (57, 6, 0, false, 19);
INSERT INTO "Catalog_ProductCategory" ("Id", "CategoryId", "DisplayOrder", "IsFeaturedProduct", "ProductId") VALUES (58, 1, 0, false, 20);
INSERT INTO "Catalog_ProductCategory" ("Id", "CategoryId", "DisplayOrder", "IsFeaturedProduct", "ProductId") VALUES (59, 5, 0, false, 20);
INSERT INTO "Catalog_ProductCategory" ("Id", "CategoryId", "DisplayOrder", "IsFeaturedProduct", "ProductId") VALUES (60, 6, 0, false, 20);
INSERT INTO "Catalog_ProductCategory" ("Id", "CategoryId", "DisplayOrder", "IsFeaturedProduct", "ProductId") VALUES (61, 1, 0, false, 21);
INSERT INTO "Catalog_ProductCategory" ("Id", "CategoryId", "DisplayOrder", "IsFeaturedProduct", "ProductId") VALUES (62, 2, 0, false, 21);
INSERT INTO "Catalog_ProductCategory" ("Id", "CategoryId", "DisplayOrder", "IsFeaturedProduct", "ProductId") VALUES (63, 4, 0, false, 21);
INSERT INTO "Catalog_ProductCategory" ("Id", "CategoryId", "DisplayOrder", "IsFeaturedProduct", "ProductId") VALUES (64, 1, 0, false, 22);
INSERT INTO "Catalog_ProductCategory" ("Id", "CategoryId", "DisplayOrder", "IsFeaturedProduct", "ProductId") VALUES (65, 2, 0, false, 22);
INSERT INTO "Catalog_ProductCategory" ("Id", "CategoryId", "DisplayOrder", "IsFeaturedProduct", "ProductId") VALUES (66, 3, 0, false, 22);
INSERT INTO "Catalog_ProductCategory" ("Id", "CategoryId", "DisplayOrder", "IsFeaturedProduct", "ProductId") VALUES (67, 1, 0, false, 23);
INSERT INTO "Catalog_ProductCategory" ("Id", "CategoryId", "DisplayOrder", "IsFeaturedProduct", "ProductId") VALUES (68, 2, 0, false, 23);
INSERT INTO "Catalog_ProductCategory" ("Id", "CategoryId", "DisplayOrder", "IsFeaturedProduct", "ProductId") VALUES (69, 3, 0, false, 23);
INSERT INTO "Catalog_ProductCategory" ("Id", "CategoryId", "DisplayOrder", "IsFeaturedProduct", "ProductId") VALUES (70, 1, 0, false, 24);
INSERT INTO "Catalog_ProductCategory" ("Id", "CategoryId", "DisplayOrder", "IsFeaturedProduct", "ProductId") VALUES (71, 2, 0, false, 24);
INSERT INTO "Catalog_ProductCategory" ("Id", "CategoryId", "DisplayOrder", "IsFeaturedProduct", "ProductId") VALUES (72, 4, 0, false, 24);
INSERT INTO "Catalog_ProductCategory" ("Id", "CategoryId", "DisplayOrder", "IsFeaturedProduct", "ProductId") VALUES (73, 1, 0, false, 25);
INSERT INTO "Catalog_ProductCategory" ("Id", "CategoryId", "DisplayOrder", "IsFeaturedProduct", "ProductId") VALUES (74, 2, 0, false, 25);
INSERT INTO "Catalog_ProductCategory" ("Id", "CategoryId", "DisplayOrder", "IsFeaturedProduct", "ProductId") VALUES (75, 4, 0, false, 25);
INSERT INTO "Catalog_ProductCategory" ("Id", "CategoryId", "DisplayOrder", "IsFeaturedProduct", "ProductId") VALUES (76, 8, 0, false, 26);
INSERT INTO "Catalog_ProductCategory" ("Id", "CategoryId", "DisplayOrder", "IsFeaturedProduct", "ProductId") VALUES (77, 12, 0, false, 26);
INSERT INTO "Catalog_ProductCategory" ("Id", "CategoryId", "DisplayOrder", "IsFeaturedProduct", "ProductId") VALUES (78, 13, 0, false, 26);
INSERT INTO "Catalog_ProductCategory" ("Id", "CategoryId", "DisplayOrder", "IsFeaturedProduct", "ProductId") VALUES (79, 1, 0, false, 27);
INSERT INTO "Catalog_ProductCategory" ("Id", "CategoryId", "DisplayOrder", "IsFeaturedProduct", "ProductId") VALUES (80, 2, 0, false, 27);
INSERT INTO "Catalog_ProductCategory" ("Id", "CategoryId", "DisplayOrder", "IsFeaturedProduct", "ProductId") VALUES (81, 3, 0, false, 27);
INSERT INTO "Catalog_ProductCategory" ("Id", "CategoryId", "DisplayOrder", "IsFeaturedProduct", "ProductId") VALUES (82, 1, 0, false, 28);
INSERT INTO "Catalog_ProductCategory" ("Id", "CategoryId", "DisplayOrder", "IsFeaturedProduct", "ProductId") VALUES (83, 2, 0, false, 28);
INSERT INTO "Catalog_ProductCategory" ("Id", "CategoryId", "DisplayOrder", "IsFeaturedProduct", "ProductId") VALUES (84, 4, 0, false, 28);
INSERT INTO "Catalog_ProductCategory" ("Id", "CategoryId", "DisplayOrder", "IsFeaturedProduct", "ProductId") VALUES (85, 1, 0, false, 29);
INSERT INTO "Catalog_ProductCategory" ("Id", "CategoryId", "DisplayOrder", "IsFeaturedProduct", "ProductId") VALUES (86, 5, 0, false, 29);
INSERT INTO "Catalog_ProductCategory" ("Id", "CategoryId", "DisplayOrder", "IsFeaturedProduct", "ProductId") VALUES (87, 6, 0, false, 29);
INSERT INTO "Catalog_ProductCategory" ("Id", "CategoryId", "DisplayOrder", "IsFeaturedProduct", "ProductId") VALUES (88, 1, 0, false, 30);
INSERT INTO "Catalog_ProductCategory" ("Id", "CategoryId", "DisplayOrder", "IsFeaturedProduct", "ProductId") VALUES (89, 2, 0, false, 30);
INSERT INTO "Catalog_ProductCategory" ("Id", "CategoryId", "DisplayOrder", "IsFeaturedProduct", "ProductId") VALUES (90, 3, 0, false, 30);
INSERT INTO "Catalog_ProductCategory" ("Id", "CategoryId", "DisplayOrder", "IsFeaturedProduct", "ProductId") VALUES (91, 1, 0, false, 31);
INSERT INTO "Catalog_ProductCategory" ("Id", "CategoryId", "DisplayOrder", "IsFeaturedProduct", "ProductId") VALUES (92, 5, 0, false, 31);
INSERT INTO "Catalog_ProductCategory" ("Id", "CategoryId", "DisplayOrder", "IsFeaturedProduct", "ProductId") VALUES (93, 6, 0, false, 31);
INSERT INTO "Catalog_ProductCategory" ("Id", "CategoryId", "DisplayOrder", "IsFeaturedProduct", "ProductId") VALUES (94, 1, 0, false, 32);
INSERT INTO "Catalog_ProductCategory" ("Id", "CategoryId", "DisplayOrder", "IsFeaturedProduct", "ProductId") VALUES (95, 2, 0, false, 32);
INSERT INTO "Catalog_ProductCategory" ("Id", "CategoryId", "DisplayOrder", "IsFeaturedProduct", "ProductId") VALUES (96, 3, 0, false, 32);
INSERT INTO "Catalog_ProductCategory" ("Id", "CategoryId", "DisplayOrder", "IsFeaturedProduct", "ProductId") VALUES (97, 1, 0, false, 33);
INSERT INTO "Catalog_ProductCategory" ("Id", "CategoryId", "DisplayOrder", "IsFeaturedProduct", "ProductId") VALUES (98, 2, 0, false, 33);
INSERT INTO "Catalog_ProductCategory" ("Id", "CategoryId", "DisplayOrder", "IsFeaturedProduct", "ProductId") VALUES (99, 4, 0, false, 33);
SELECT pg_catalog.setval('"Catalog_ProductCategory_Id_seq"', 99, true);

INSERT INTO "Cms_Page" ("Id", "Body", "CreatedById", "CreatedOn", "IsDeleted", "IsPublished", "MetaDescription", "MetaKeywords", "MetaTitle", "Name", "PublishedOn", "SeoTitle", "UpdatedById", "UpdatedOn") VALUES (1, '<h1>About Us</h1><p>Your information. Use admin site to update</p>', NULL, '2016-04-10 08:45:44.953-07', false, true, NULL, NULL, NULL, 'About Us', NULL, 'about-us', NULL, '2016-04-10 08:45:44.953-07');
INSERT INTO "Cms_Page" ("Id", "Body", "CreatedById", "CreatedOn", "IsDeleted", "IsPublished", "MetaDescription", "MetaKeywords", "MetaTitle", "Name", "PublishedOn", "SeoTitle", "UpdatedById", "UpdatedOn") VALUES (2, '<h1>Term and Conditions</h1><p>Your term and conditions. Use admin site to update</p>', NULL, '2016-04-11 02:54:57.177-07', false, true, NULL, NULL, NULL, 'Terms & Conditions', NULL, 'terms-of-use', NULL, '2016-04-11 02:54:57.177-07');
INSERT INTO "Cms_Page" ("Id", "Body", "CreatedById", "CreatedOn", "IsDeleted", "IsPublished", "MetaDescription", "MetaKeywords", "MetaTitle", "Name", "PublishedOn", "SeoTitle", "UpdatedById", "UpdatedOn") VALUES (3, '<h1>Privacy Policy</h1><p>Your privacy policy information. Use admin site to update</p>', NULL, '2016-04-11 02:59:31.963-07', false, true, NULL, NULL, NULL, 'Privacy Policy', NULL, 'privacy', NULL, '2016-04-11 02:59:31.963-07');
INSERT INTO "Cms_Page" ("Id", "Body", "CreatedById", "CreatedOn", "IsDeleted", "IsPublished", "MetaDescription", "MetaKeywords", "MetaTitle", "Name", "PublishedOn", "SeoTitle", "UpdatedById", "UpdatedOn") VALUES (4, '<h1>Help center</h1><p><a href="/help-center/how-to-buy">How to Buy</a></p><p><a href="help-center/shipping">Shipping and Delivery</a></p><p><a href="help-center/how-to-return">How to return</a></p><p><a href="help-center/warranty">Warranty</a></p>', NULL, '2016-04-11 03:14:04.447-07', false, true, NULL, NULL, NULL, 'Help Center', NULL, 'help-center', NULL, '2016-04-11 03:14:04.447-07');
INSERT INTO "Cms_Page" ("Id", "Body", "CreatedById", "CreatedOn", "IsDeleted", "IsPublished", "MetaDescription", "MetaKeywords", "MetaTitle", "Name", "PublishedOn", "SeoTitle", "UpdatedById", "UpdatedOn") VALUES (5, '<h1>How to Buy</h1><p>Your how to buy instructions. Use admin site to update</p>', NULL, '2016-04-11 03:16:14.323-07', false, true, NULL, NULL, NULL, 'How to Buy', NULL, 'help-center/how-to-buy', NULL, '2016-04-11 03:24:13.833-07');
INSERT INTO "Cms_Page" ("Id", "Body", "CreatedById", "CreatedOn", "IsDeleted", "IsPublished", "MetaDescription", "MetaKeywords", "MetaTitle", "Name", "PublishedOn", "SeoTitle", "UpdatedById", "UpdatedOn") VALUES (6, '<h1>Shipping and Delivery</h1><p>Shipping and delivery information. Use admin site to update</p>', NULL, '2016-04-11 02:57:13.497-07', false, true, NULL, NULL, NULL, 'Shipping and Delivery', NULL, 'help-center/shipping', NULL, '2016-04-11 03:23:31.597-07');
INSERT INTO "Cms_Page" ("Id", "Body", "CreatedById", "CreatedOn", "IsDeleted", "IsPublished", "MetaDescription", "MetaKeywords", "MetaTitle", "Name", "PublishedOn", "SeoTitle", "UpdatedById", "UpdatedOn") VALUES (7, '<h1>How to return</h1><p>Your how to return instructions. Use admin site to update</p>', NULL, '2016-04-11 03:17:42.067-07', false, true, NULL, NULL, NULL, 'How to return', NULL, 'help-center/how-to-retur', NULL, '2016-04-11 03:17:42.067-07');
INSERT INTO "Cms_Page" ("Id", "Body", "CreatedById", "CreatedOn", "IsDeleted", "IsPublished", "MetaDescription", "MetaKeywords", "MetaTitle", "Name", "PublishedOn", "SeoTitle", "UpdatedById", "UpdatedOn") VALUES (8, '<h1>Warranty</h1><p>Your warranty policy. Use admin site to update</p>', NULL, '2016-04-11 03:19:01.927-07', false, true, NULL, NULL, NULL, 'Warranty', NULL, 'help-center/warranty', NULL, '2016-04-11 03:19:01.927-07');
SELECT pg_catalog.setval('"Cms_Page_Id_seq"', 8, true);

INSERT INTO "Core_WidgetInstance" ("Id", "CreatedOn", "Data", "DisplayOrder", "HtmlData", "Name", "PublishEnd", "PublishStart", "UpdatedOn", "WidgetId", "WidgetZoneId") VALUES (1, '2017-01-19 00:00:00', '[{{"Image":"venu-front-pool.jpg", "ImageUrl":null, "Caption":null, "TargetUrl":"#"}}, {{"Image":"edge-great-room-kitchen.jpg", "ImageUrl":null, "Caption":null,"TargetUrl":"#"}}, {{"Image":"venu-exterior.jpg", "ImageUrl":null, "Caption":null, "TargetUrl":"#"}}, {{"Image":"edge-pool.jpg", "ImageUrl":null, "Caption":null, "TargetUrl":"#"}}]', 0, NULL, 'Home Carousel', NULL, '2017-01-19 00:00:00', '2017-01-19 00:00:00', 1, 1);
INSERT INTO "Core_WidgetInstance" ("Id", "CreatedOn", "Data", "DisplayOrder", "HtmlData", "Name", "PublishEnd", "PublishStart", "UpdatedOn", "WidgetId", "WidgetZoneId") VALUES (2, '2017-01-19 00:00:00', '{{"NumberOfProducts":4, "CategoryIds":null, "OrderBy":0, "FeaturedOnly":false}}', 0, NULL, 'Recent Activities', NULL, '2017-01-19 00:00:00', '2017-01-19 00:00:00', 3, 2);
INSERT INTO "Core_WidgetInstance" ("Id", "CreatedOn", "Data", "DisplayOrder", "HtmlData", "Name", "PublishEnd", "PublishStart", "UpdatedOn", "WidgetId", "WidgetZoneId") VALUES (3, '2017-01-19 00:00:00', NULL, 0, '<div><h2 class="page-header">Administrator</h2><p>Manage your store. Admin email: admin@SimplCommerce.com. Admin password: 1qazZAQ!</p><p><a class="btn btn-primary" href="Admin" role="button">Go to Dashboard</a></p></div>', 'Administration', NULL, '2017-01-19 00:00:00', '2017-01-19 00:00:00', 2, 3);
SELECT pg_catalog.setval('"Core_WidgetInstance_Id_seq"', 3, true);


INSERT INTO "Core_Entity" ("Id", "EntityId", "EntityTypeId", "Name", "Slug") VALUES (1, 1, 1, 'Events', 'events');
INSERT INTO "Core_Entity" ("Id", "EntityId", "EntityTypeId", "Name", "Slug") VALUES (2, 2, 1, 'Chef Events', 'chef-events');
INSERT INTO "Core_Entity" ("Id", "EntityId", "EntityTypeId", "Name", "Slug") VALUES (3, 3, 1, 'Venu', 'venu-chef-events');
INSERT INTO "Core_Entity" ("Id", "EntityId", "EntityTypeId", "Name", "Slug") VALUES (4, 4, 1, 'Edge', 'edge-chef-events');
INSERT INTO "Core_Entity" ("Id", "EntityId", "EntityTypeId", "Name", "Slug") VALUES (5, 5, 1, 'Social Events', 'social-events');
INSERT INTO "Core_Entity" ("Id", "EntityId", "EntityTypeId", "Name", "Slug") VALUES (6, 6, 1, 'Venu', 'venu-social-events');
INSERT INTO "Core_Entity" ("Id", "EntityId", "EntityTypeId", "Name", "Slug") VALUES (7, 7, 1, 'Edge', 'edge-social-events');
INSERT INTO "Core_Entity" ("Id", "EntityId", "EntityTypeId", "Name", "Slug") VALUES (8, 8, 1, 'Notices', 'notices');
INSERT INTO "Core_Entity" ("Id", "EntityId", "EntityTypeId", "Name", "Slug") VALUES (9, 9, 1, 'Breaking News', 'breaking-news');
INSERT INTO "Core_Entity" ("Id", "EntityId", "EntityTypeId", "Name", "Slug") VALUES (10, 10, 1, 'Venu', 'venu-breaking-news');
INSERT INTO "Core_Entity" ("Id", "EntityId", "EntityTypeId", "Name", "Slug") VALUES (11, 11, 1, 'Edge', 'edge-breaking-news');
INSERT INTO "Core_Entity" ("Id", "EntityId", "EntityTypeId", "Name", "Slug") VALUES (12, 12, 1, 'Did You Know?', 'did-you-know');
INSERT INTO "Core_Entity" ("Id", "EntityId", "EntityTypeId", "Name", "Slug") VALUES (13, 13, 1, 'Venu', 'venu-did-you-know');
INSERT INTO "Core_Entity" ("Id", "EntityId", "EntityTypeId", "Name", "Slug") VALUES (14, 14, 1, 'Edge', 'edge-did-you-know');
INSERT INTO "Core_Entity" ("Id", "EntityId", "EntityTypeId", "Name", "Slug") VALUES (15, 1, 4, 'About Us', 'about-us');
INSERT INTO "Core_Entity" ("Id", "EntityId", "EntityTypeId", "Name", "Slug") VALUES (16, 2, 4, 'Terms of use', 'terms-of-use');
INSERT INTO "Core_Entity" ("Id", "EntityId", "EntityTypeId", "Name", "Slug") VALUES (17, 3, 4, 'Privacy', 'privacy');
INSERT INTO "Core_Entity" ("Id", "EntityId", "EntityTypeId", "Name", "Slug") VALUES (18, 4, 4, 'Help center', 'help-center');
INSERT INTO "Core_Entity" ("Id", "EntityId", "EntityTypeId", "Name", "Slug") VALUES (19, 5, 4, 'How to Buy', 'help-center/how-to-buy');
INSERT INTO "Core_Entity" ("Id", "EntityId", "EntityTypeId", "Name", "Slug") VALUES (20, 6, 4, 'Shipping', 'help-center/shipping');
INSERT INTO "Core_Entity" ("Id", "EntityId", "EntityTypeId", "Name", "Slug") VALUES (21, 7, 4, 'How to return', 'help-center/how-to-return');
INSERT INTO "Core_Entity" ("Id", "EntityId", "EntityTypeId", "Name", "Slug") VALUES (22, 8, 4, 'Warranty', 'help-center/warranty');
INSERT INTO "Core_Entity" ("Id", "EntityId", "EntityTypeId", "Name", "Slug") VALUES (23, 1, 2, 'Venu', 'venu');
INSERT INTO "Core_Entity" ("Id", "EntityId", "EntityTypeId", "Name", "Slug") VALUES (24, 2, 2, 'Edge', 'edge');
INSERT INTO "Core_Entity" ("Id", "EntityId", "EntityTypeId", "Name", "Slug") VALUES (25, 1, 3, 'Braised lamb shanks', 'braised-lamb-shanks');
INSERT INTO "Core_Entity" ("Id", "EntityId", "EntityTypeId", "Name", "Slug") VALUES (26, 2, 3, 'Stuffed pork chops', 'stuffed-pork-chops');
INSERT INTO "Core_Entity" ("Id", "EntityId", "EntityTypeId", "Name", "Slug") VALUES (27, 3, 3, 'Garlic tomato soup', 'garlic-tomato-soup');
INSERT INTO "Core_Entity" ("Id", "EntityId", "EntityTypeId", "Name", "Slug") VALUES (28, 4, 3, 'Lasagna', 'lasagna');
INSERT INTO "Core_Entity" ("Id", "EntityId", "EntityTypeId", "Name", "Slug") VALUES (29, 5, 3, 'Wine and cheese party', 'wine-and-cheese-party');
INSERT INTO "Core_Entity" ("Id", "EntityId", "EntityTypeId", "Name", "Slug") VALUES (30, 6, 3, 'Karaoke', 'karaoke');
INSERT INTO "Core_Entity" ("Id", "EntityId", "EntityTypeId", "Name", "Slug") VALUES (31, 7, 3, 'Easter egg hunt', 'easter-egg-hunt');
INSERT INTO "Core_Entity" ("Id", "EntityId", "EntityTypeId", "Name", "Slug") VALUES (32, 8, 3, 'Movie night', 'movie-night');
INSERT INTO "Core_Entity" ("Id", "EntityId", "EntityTypeId", "Name", "Slug") VALUES (33, 9, 3, 'Venu back pool closure', 'venu-back-pool-closure');
INSERT INTO "Core_Entity" ("Id", "EntityId", "EntityTypeId", "Name", "Slug") VALUES (34, 10, 3, 'Weekly exercise hike', 'weekly-exercise-hike');
INSERT INTO "Core_Entity" ("Id", "EntityId", "EntityTypeId", "Name", "Slug") VALUES (35, 11, 3, 'Cafe Francaise', 'cafe-francaise');
INSERT INTO "Core_Entity" ("Id", "EntityId", "EntityTypeId", "Name", "Slug") VALUES (36, 12, 3, 'Soup Bar', 'soup-bar');
INSERT INTO "Core_Entity" ("Id", "EntityId", "EntityTypeId", "Name", "Slug") VALUES (37, 13, 3, 'Potluck and Movie', 'potluck-movie');
INSERT INTO "Core_Entity" ("Id", "EntityId", "EntityTypeId", "Name", "Slug") VALUES (38, 14, 3, 'Super Bowl Party', 'super-bowl-party');
INSERT INTO "Core_Entity" ("Id", "EntityId", "EntityTypeId", "Name", "Slug") VALUES (39, 15, 3, 'Meatball Subs', 'meatball-subs');
INSERT INTO "Core_Entity" ("Id", "EntityId", "EntityTypeId", "Name", "Slug") VALUES (40, 16, 3, 'Mahi Mahi', 'mahi-mahi');
INSERT INTO "Core_Entity" ("Id", "EntityId", "EntityTypeId", "Name", "Slug") VALUES (41, 17, 3, 'Ribs Night', 'ribs-night-venu');
INSERT INTO "Core_Entity" ("Id", "EntityId", "EntityTypeId", "Name", "Slug") VALUES (42, 18, 3, 'Bingo Night', 'bingo-night');
INSERT INTO "Core_Entity" ("Id", "EntityId", "EntityTypeId", "Name", "Slug") VALUES (43, 19, 3, 'Kids Valentines & Bingo', 'kids-valentines-bingo');
INSERT INTO "Core_Entity" ("Id", "EntityId", "EntityTypeId", "Name", "Slug") VALUES (44, 20, 3, 'Romantic Movie Marathon', 'romantic-movie-marathon');
INSERT INTO "Core_Entity" ("Id", "EntityId", "EntityTypeId", "Name", "Slug") VALUES (45, 21, 3, 'Valentine''s Cupcakes', 'valentine''s-cupcakes');
INSERT INTO "Core_Entity" ("Id", "EntityId", "EntityTypeId", "Name", "Slug") VALUES (46, 22, 3, 'Valentine''s Dinner', 'valentine''s-dinner');
INSERT INTO "Core_Entity" ("Id", "EntityId", "EntityTypeId", "Name", "Slug") VALUES (47, 23, 3, 'Reuben & Split Pea Soup', 'reuben-split-pea-soup');
INSERT INTO "Core_Entity" ("Id", "EntityId", "EntityTypeId", "Name", "Slug") VALUES (48, 24, 3, 'Chicken Fried Steak', 'chicken-fried-steak');
INSERT INTO "Core_Entity" ("Id", "EntityId", "EntityTypeId", "Name", "Slug") VALUES (49, 25, 3, 'Shrimp Scampi', 'shrimp-scampi');
INSERT INTO "Core_Entity" ("Id", "EntityId", "EntityTypeId", "Name", "Slug") VALUES (50, 26, 3, 'Venu board meeting', 'venu-board-meeting');
INSERT INTO "Core_Entity" ("Id", "EntityId", "EntityTypeId", "Name", "Slug") VALUES (51, 27, 3, 'Pot Roast', 'pot-roast');
INSERT INTO "Core_Entity" ("Id", "EntityId", "EntityTypeId", "Name", "Slug") VALUES (52, 28, 3, 'Ribs Night', 'ribs-night-edge');
INSERT INTO "Core_Entity" ("Id", "EntityId", "EntityTypeId", "Name", "Slug") VALUES (53, 29, 3, 'Paint & Pour', 'paint-pour');
INSERT INTO "Core_Entity" ("Id", "EntityId", "EntityTypeId", "Name", "Slug") VALUES (54, 30, 3, 'Eye Opener Breakfast', 'eye-opener-breakfast');
INSERT INTO "Core_Entity" ("Id", "EntityId", "EntityTypeId", "Name", "Slug") VALUES (55, 31, 3, 'Oscar Party & Potluck', 'oscar-party-potluck');
INSERT INTO "Core_Entity" ("Id", "EntityId", "EntityTypeId", "Name", "Slug") VALUES (56, 32, 3, 'Pork Tenderloin', 'pork-tenderloin');
INSERT INTO "Core_Entity" ("Id", "EntityId", "EntityTypeId", "Name", "Slug") VALUES (57, 33, 3, 'Chicken Schnitzel', 'chicken-schnitzel');
SELECT pg_catalog.setval('"Core_Entity_Id_seq"', 57, true);
